Suma de Any,Suma de Categoria_Nivell,Suma de Dia,DiaDeLaSetmana,Hora,Recompte de Id,Latitud,Lloc_interes,Id_Instal,Longitud,Suma de Max_Nivell_LAeq_1h,Suma de Mes,Suma de Min_Nivell_LAeq_1h,Suma de Nivell_LAeq_1h
103173,152,794,dijous,1899-12-30 00:00:00,51,"41,37485",Sant Maria del Mar,497,"2,166773",4467.5999999999985,329,3065.099999999997,3407.300000000001
103173,179,794,dijous,1899-12-30 00:00:00,51,"41,378803",Mercat de Sant Antoni,5766,"2,160936",4880.699999999995,329,2228.7000000000007,3049.7000000000003
103173,195,794,dijous,1899-12-30 00:00:00,51,"41,404484",Sagrada Familia,6756,"2,174691",4661.400000000001,329,2371.5,3116.4000000000005
97104,162,745,dijous,1899-12-30 00:00:00,48,"41,406",Plaça de Joanic,7306,"2,162636",4358.400000000003,299,2548.799999999998,3061
103173,129,794,dijous,1899-12-30 01:00:00,51,"41,37485",Sant Maria del Mar,497,"2,166773",4467.5999999999985,329,3065.099999999997,3348.8999999999996
103173,155,794,dijous,1899-12-30 01:00:00,51,"41,378803",Mercat de Sant Antoni,5766,"2,160936",4880.699999999995,329,2228.7000000000007,2909.100000000001
103173,161,794,dijous,1899-12-30 01:00:00,51,"41,404484",Sagrada Familia,6756,"2,174691",4661.400000000001,329,2371.5,3011.5
97104,129,745,dijous,1899-12-30 01:00:00,48,"41,406",Plaça de Joanic,7306,"2,162636",4358.400000000003,299,2548.799999999998,2937.4
103173,93,794,dijous,1899-12-30 02:00:00,51,"41,37485",Sant Maria del Mar,497,"2,166773",4467.5999999999985,329,3065.099999999997,3246.3999999999996
103173,117,794,dijous,1899-12-30 02:00:00,51,"41,378803",Mercat de Sant Antoni,5766,"2,160936",4880.699999999995,329,2228.7000000000007,2721.6000000000004
103173,117,794,dijous,1899-12-30 02:00:00,51,"41,404484",Sagrada Familia,6756,"2,174691",4661.400000000001,329,2371.5,2796.200000000001
97104,111,745,dijous,1899-12-30 02:00:00,48,"41,406",Plaça de Joanic,7306,"2,162636",4358.400000000003,299,2548.799999999998,2888.7000000000007
103173,102,794,dijous,1899-12-30 03:00:00,51,"41,37485",Sant Maria del Mar,497,"2,166773",4467.5999999999985,329,3065.099999999997,3271.6000000000004
103173,100,794,dijous,1899-12-30 03:00:00,51,"41,378803",Mercat de Sant Antoni,5766,"2,160936",4880.699999999995,329,2228.7000000000007,2628.9
103173,96,794,dijous,1899-12-30 03:00:00,51,"41,404484",Sagrada Familia,6756,"2,174691",4661.400000000001,329,2371.5,2684.9999999999995
97104,104,745,dijous,1899-12-30 03:00:00,48,"41,406",Plaça de Joanic,7306,"2,162636",4358.400000000003,299,2548.799999999998,2854.900000000001
103173,84,794,dijous,1899-12-30 04:00:00,51,"41,37485",Sant Maria del Mar,497,"2,166773",4467.5999999999985,329,3065.099999999997,3229.899999999999
103173,91,794,dijous,1899-12-30 04:00:00,51,"41,378803",Mercat de Sant Antoni,5766,"2,160936",4880.699999999995,329,2228.7000000000007,2606.8
103173,85,794,dijous,1899-12-30 04:00:00,51,"41,404484",Sagrada Familia,6756,"2,174691",4661.400000000001,329,2371.5,2637.7999999999993
97104,86,745,dijous,1899-12-30 04:00:00,48,"41,406",Plaça de Joanic,7306,"2,162636",4358.400000000003,299,2548.799999999998,2781.9000000000005
103173,115,794,dijous,1899-12-30 05:00:00,51,"41,37485",Sant Maria del Mar,497,"2,166773",4467.5999999999985,329,3065.099999999997,3322.9
103173,104,794,dijous,1899-12-30 05:00:00,51,"41,378803",Mercat de Sant Antoni,5766,"2,160936",4880.699999999995,329,2228.7000000000007,2629.9
103173,109,794,dijous,1899-12-30 05:00:00,51,"41,404484",Sagrada Familia,6756,"2,174691",4661.400000000001,329,2371.5,2719.600000000001
97104,100,745,dijous,1899-12-30 05:00:00,48,"41,406",Plaça de Joanic,7306,"2,162636",4358.400000000003,299,2548.799999999998,2846.2
103173,159,794,dijous,1899-12-30 06:00:00,51,"41,37485",Sant Maria del Mar,497,"2,166773",4467.5999999999985,329,3065.099999999997,3423.1
103173,116,794,dijous,1899-12-30 06:00:00,51,"41,378803",Mercat de Sant Antoni,5766,"2,160936",4880.699999999995,329,2228.7000000000007,2699.7999999999997
103173,127,794,dijous,1899-12-30 06:00:00,51,"41,404484",Sagrada Familia,6756,"2,174691",4661.400000000001,329,2371.5,2827.900000000001
97104,133,745,dijous,1899-12-30 06:00:00,48,"41,406",Plaça de Joanic,7306,"2,162636",4358.400000000003,299,2548.799999999998,2937.800000000001
103173,206,794,dijous,1899-12-30 07:00:00,51,"41,37485",Sant Maria del Mar,497,"2,166773",4467.5999999999985,329,3065.099999999997,3571.1000000000004
103173,180,794,dijous,1899-12-30 07:00:00,51,"41,378803",Mercat de Sant Antoni,5766,"2,160936",4880.699999999995,329,2228.7000000000007,3022.400000000001
103173,177,794,dijous,1899-12-30 07:00:00,51,"41,404484",Sagrada Familia,6756,"2,174691",4661.400000000001,329,2371.5,3056.9
97104,172,745,dijous,1899-12-30 07:00:00,48,"41,406",Plaça de Joanic,7306,"2,162636",4358.400000000003,299,2548.799999999998,3099.2
103173,246,794,dijous,1899-12-30 08:00:00,51,"41,37485",Sant Maria del Mar,497,"2,166773",4467.5999999999985,329,3065.099999999997,3654.6999999999994
103173,210,794,dijous,1899-12-30 08:00:00,51,"41,378803",Mercat de Sant Antoni,5766,"2,160936",4880.699999999995,329,2228.7000000000007,3177.8
103173,210,794,dijous,1899-12-30 08:00:00,51,"41,404484",Sagrada Familia,6756,"2,174691",4661.400000000001,329,2371.5,3232.2000000000003
97104,224,745,dijous,1899-12-30 08:00:00,48,"41,406",Plaça de Joanic,7306,"2,162636",4358.400000000003,299,2548.799999999998,3298.4999999999995
103173,220,794,dijous,1899-12-30 09:00:00,51,"41,37485",Sant Maria del Mar,497,"2,166773",4467.5999999999985,329,3065.099999999997,3614.0999999999995
103173,216,794,dijous,1899-12-30 09:00:00,51,"41,378803",Mercat de Sant Antoni,5766,"2,160936",4880.699999999995,329,2228.7000000000007,3226.9
103173,210,794,dijous,1899-12-30 09:00:00,51,"41,404484",Sagrada Familia,6756,"2,174691",4661.400000000001,329,2371.5,3210.4999999999986
97104,212,745,dijous,1899-12-30 09:00:00,48,"41,406",Plaça de Joanic,7306,"2,162636",4358.400000000003,299,2548.799999999998,3282.7999999999997
103173,211,794,dijous,1899-12-30 10:00:00,51,"41,37485",Sant Maria del Mar,497,"2,166773",4467.5999999999985,329,3065.099999999997,3601.2999999999993
103173,218,794,dijous,1899-12-30 10:00:00,51,"41,378803",Mercat de Sant Antoni,5766,"2,160936",4880.699999999995,329,2228.7000000000007,3229.2999999999997
103173,219,794,dijous,1899-12-30 10:00:00,51,"41,404484",Sagrada Familia,6756,"2,174691",4661.400000000001,329,2371.5,3242.399999999999
97104,221,745,dijous,1899-12-30 10:00:00,48,"41,406",Plaça de Joanic,7306,"2,162636",4358.400000000003,299,2548.799999999998,3301.4000000000005
103173,224,794,dijous,1899-12-30 11:00:00,51,"41,37485",Sant Maria del Mar,497,"2,166773",4467.5999999999985,329,3065.099999999997,3616.3000000000006
103173,226,794,dijous,1899-12-30 11:00:00,51,"41,378803",Mercat de Sant Antoni,5766,"2,160936",4880.699999999995,329,2228.7000000000007,3305.5999999999995
103173,246,794,dijous,1899-12-30 11:00:00,51,"41,404484",Sagrada Familia,6756,"2,174691",4661.400000000001,329,2371.5,3346.9
97104,226,745,dijous,1899-12-30 11:00:00,48,"41,406",Plaça de Joanic,7306,"2,162636",4358.400000000003,299,2548.799999999998,3320.1
103173,224,794,dijous,1899-12-30 12:00:00,51,"41,37485",Sant Maria del Mar,497,"2,166773",4467.5999999999985,329,3065.099999999997,3625.3
103173,232,794,dijous,1899-12-30 12:00:00,51,"41,378803",Mercat de Sant Antoni,5766,"2,160936",4880.699999999995,329,2228.7000000000007,3306.4000000000005
103173,250,794,dijous,1899-12-30 12:00:00,51,"41,404484",Sagrada Familia,6756,"2,174691",4661.400000000001,329,2371.5,3389.2000000000007
97104,229,745,dijous,1899-12-30 12:00:00,48,"41,406",Plaça de Joanic,7306,"2,162636",4358.400000000003,299,2548.799999999998,3334.8
103173,225,794,dijous,1899-12-30 13:00:00,51,"41,37485",Sant Maria del Mar,497,"2,166773",4467.5999999999985,329,3065.099999999997,3619.7999999999997
103173,211,794,dijous,1899-12-30 13:00:00,51,"41,378803",Mercat de Sant Antoni,5766,"2,160936",4880.699999999995,329,2228.7000000000007,3193.8999999999996
103173,247,794,dijous,1899-12-30 13:00:00,51,"41,404484",Sagrada Familia,6756,"2,174691",4661.400000000001,329,2371.5,3349.100000000001
97104,224,745,dijous,1899-12-30 13:00:00,48,"41,406",Plaça de Joanic,7306,"2,162636",4358.400000000003,299,2548.799999999998,3316.399999999999
103173,211,794,dijous,1899-12-30 14:00:00,51,"41,37485",Sant Maria del Mar,497,"2,166773",4467.5999999999985,329,3065.099999999997,3598.7
103173,202,794,dijous,1899-12-30 14:00:00,51,"41,378803",Mercat de Sant Antoni,5766,"2,160936",4880.699999999995,329,2228.7000000000007,3114.9000000000005
103173,243,794,dijous,1899-12-30 14:00:00,51,"41,404484",Sagrada Familia,6756,"2,174691",4661.400000000001,329,2371.5,3336.0000000000005
97104,207,745,dijous,1899-12-30 14:00:00,48,"41,406",Plaça de Joanic,7306,"2,162636",4358.400000000003,299,2548.799999999998,3253.7000000000003
103173,214,794,dijous,1899-12-30 15:00:00,51,"41,37485",Sant Maria del Mar,497,"2,166773",4467.5999999999985,329,3065.099999999997,3605.599999999999
103173,185,794,dijous,1899-12-30 15:00:00,51,"41,378803",Mercat de Sant Antoni,5766,"2,160936",4880.699999999995,329,2228.7000000000007,3060.0999999999995
103173,246,794,dijous,1899-12-30 15:00:00,51,"41,404484",Sagrada Familia,6756,"2,174691",4661.400000000001,329,2371.5,3336.1000000000004
97104,223,745,dijous,1899-12-30 15:00:00,48,"41,406",Plaça de Joanic,7306,"2,162636",4358.400000000003,299,2548.799999999998,3313.4999999999995
103173,212,794,dijous,1899-12-30 16:00:00,51,"41,37485",Sant Maria del Mar,497,"2,166773",4467.5999999999985,329,3065.099999999997,3597.399999999999
103173,198,794,dijous,1899-12-30 16:00:00,51,"41,378803",Mercat de Sant Antoni,5766,"2,160936",4880.699999999995,329,2228.7000000000007,3111.6000000000004
103173,247,794,dijous,1899-12-30 16:00:00,51,"41,404484",Sagrada Familia,6756,"2,174691",4661.400000000001,329,2371.5,3329.2
97104,228,745,dijous,1899-12-30 16:00:00,48,"41,406",Plaça de Joanic,7306,"2,162636",4358.400000000003,299,2548.799999999998,3318.3
103173,220,794,dijous,1899-12-30 17:00:00,51,"41,37485",Sant Maria del Mar,497,"2,166773",4467.5999999999985,329,3065.099999999997,3606.2000000000003
103173,208,794,dijous,1899-12-30 17:00:00,51,"41,378803",Mercat de Sant Antoni,5766,"2,160936",4880.699999999995,329,2228.7000000000007,3206.9000000000005
103173,232,794,dijous,1899-12-30 17:00:00,51,"41,404484",Sagrada Familia,6756,"2,174691",4661.400000000001,329,2371.5,3296.1
97104,228,745,dijous,1899-12-30 17:00:00,48,"41,406",Plaça de Joanic,7306,"2,162636",4358.400000000003,299,2548.799999999998,3319.1999999999994
103173,231,794,dijous,1899-12-30 18:00:00,51,"41,37485",Sant Maria del Mar,497,"2,166773",4467.5999999999985,329,3065.099999999997,3633.2000000000007
103173,212,794,dijous,1899-12-30 18:00:00,51,"41,378803",Mercat de Sant Antoni,5766,"2,160936",4880.699999999995,329,2228.7000000000007,3231.5000000000005
103173,228,794,dijous,1899-12-30 18:00:00,51,"41,404484",Sagrada Familia,6756,"2,174691",4661.400000000001,329,2371.5,3283.1
97104,228,745,dijous,1899-12-30 18:00:00,48,"41,406",Plaça de Joanic,7306,"2,162636",4358.400000000003,299,2548.799999999998,3299.799999999999
103173,227,794,dijous,1899-12-30 19:00:00,51,"41,37485",Sant Maria del Mar,497,"2,166773",4467.5999999999985,329,3065.099999999997,3623.2000000000007
103173,218,794,dijous,1899-12-30 19:00:00,51,"41,378803",Mercat de Sant Antoni,5766,"2,160936",4880.699999999995,329,2228.7000000000007,3252.3999999999996
103173,222,794,dijous,1899-12-30 19:00:00,51,"41,404484",Sagrada Familia,6756,"2,174691",4661.400000000001,329,2371.5,3278.1
97104,221,745,dijous,1899-12-30 19:00:00,48,"41,406",Plaça de Joanic,7306,"2,162636",4358.400000000003,299,2548.799999999998,3282.1
103173,217,794,dijous,1899-12-30 20:00:00,51,"41,37485",Sant Maria del Mar,497,"2,166773",4467.5999999999985,329,3065.099999999997,3611.6000000000004
103173,220,794,dijous,1899-12-30 20:00:00,51,"41,378803",Mercat de Sant Antoni,5766,"2,160936",4880.699999999995,329,2228.7000000000007,3250.199999999999
103173,212,794,dijous,1899-12-30 20:00:00,51,"41,404484",Sagrada Familia,6756,"2,174691",4661.400000000001,329,2371.5,3226
97104,201,745,dijous,1899-12-30 20:00:00,48,"41,406",Plaça de Joanic,7306,"2,162636",4358.400000000003,299,2548.799999999998,3244.3
103173,208,794,dijous,1899-12-30 21:00:00,51,"41,37485",Sant Maria del Mar,497,"2,166773",4467.5999999999985,329,3065.099999999997,3580.2000000000007
103173,203,794,dijous,1899-12-30 21:00:00,51,"41,378803",Mercat de Sant Antoni,5766,"2,160936",4880.699999999995,329,2228.7000000000007,3132.6999999999994
103173,206,794,dijous,1899-12-30 21:00:00,51,"41,404484",Sagrada Familia,6756,"2,174691",4661.400000000001,329,2371.5,3175.1000000000004
97104,192,745,dijous,1899-12-30 21:00:00,48,"41,406",Plaça de Joanic,7306,"2,162636",4358.400000000003,299,2548.799999999998,3188.7000000000003
103173,199,794,dijous,1899-12-30 22:00:00,51,"41,37485",Sant Maria del Mar,497,"2,166773",4467.5999999999985,329,3065.099999999997,3539.3999999999996
103173,170,794,dijous,1899-12-30 22:00:00,51,"41,378803",Mercat de Sant Antoni,5766,"2,160936",4880.699999999995,329,2228.7000000000007,3009.2
103173,206,794,dijous,1899-12-30 22:00:00,51,"41,404484",Sagrada Familia,6756,"2,174691",4661.400000000001,329,2371.5,3166.9
97104,180,745,dijous,1899-12-30 22:00:00,48,"41,406",Plaça de Joanic,7306,"2,162636",4358.400000000003,299,2548.799999999998,3124.7
103173,178,794,dijous,1899-12-30 23:00:00,51,"41,37485",Sant Maria del Mar,497,"2,166773",4467.5999999999985,329,3065.099999999997,3486.2000000000007
103173,184,794,dijous,1899-12-30 23:00:00,51,"41,378803",Mercat de Sant Antoni,5766,"2,160936",4880.699999999995,329,2228.7000000000007,3053.2999999999997
103173,193,794,dijous,1899-12-30 23:00:00,51,"41,404484",Sagrada Familia,6756,"2,174691",4661.400000000001,329,2371.5,3126.500000000001
97104,178,745,dijous,1899-12-30 23:00:00,48,"41,406",Plaça de Joanic,7306,"2,162636",4358.400000000003,299,2548.799999999998,3130.7999999999997
101150,146,773,dilluns,1899-12-30 00:00:00,50,"41,37485",Sant Maria del Mar,497,"2,166773",4379.999999999998,321,3004.9999999999973,3336.6000000000004
101150,142,773,dilluns,1899-12-30 00:00:00,50,"41,378803",Mercat de Sant Antoni,5766,"2,160936",4784.999999999995,321,2185.000000000001,2800.1
103173,197,793,dilluns,1899-12-30 00:00:00,51,"41,404484",Sagrada Familia,6756,"2,174691",4661.400000000001,324,2371.5,3124.1
95081,150,719,dilluns,1899-12-30 00:00:00,47,"41,406",Plaça de Joanic,7306,"2,162636",4267.600000000003,291,2495.699999999998,2964.2999999999993
101150,124,773,dilluns,1899-12-30 01:00:00,50,"41,37485",Sant Maria del Mar,497,"2,166773",4379.999999999998,321,3004.9999999999973,3288.1999999999994
101150,137,773,dilluns,1899-12-30 01:00:00,50,"41,378803",Mercat de Sant Antoni,5766,"2,160936",4784.999999999995,321,2185.000000000001,2757.5000000000005
103173,166,793,dilluns,1899-12-30 01:00:00,51,"41,404484",Sagrada Familia,6756,"2,174691",4661.400000000001,324,2371.5,3002.8
95081,114,719,dilluns,1899-12-30 01:00:00,47,"41,406",Plaça de Joanic,7306,"2,162636",4267.600000000003,291,2495.699999999998,2844.2000000000007
101150,118,773,dilluns,1899-12-30 02:00:00,50,"41,37485",Sant Maria del Mar,497,"2,166773",4379.999999999998,321,3004.9999999999973,3262.9
101150,86,773,dilluns,1899-12-30 02:00:00,50,"41,378803",Mercat de Sant Antoni,5766,"2,160936",4784.999999999995,321,2185.000000000001,2522.0000000000005
103173,121,793,dilluns,1899-12-30 02:00:00,51,"41,404484",Sagrada Familia,6756,"2,174691",4661.400000000001,324,2371.5,2797.7
95081,103,719,dilluns,1899-12-30 02:00:00,47,"41,406",Plaça de Joanic,7306,"2,162636",4267.600000000003,291,2495.699999999998,2808.899999999999
101150,112,773,dilluns,1899-12-30 03:00:00,50,"41,37485",Sant Maria del Mar,497,"2,166773",4379.999999999998,321,3004.9999999999973,3253.7000000000003
101150,75,773,dilluns,1899-12-30 03:00:00,50,"41,378803",Mercat de Sant Antoni,5766,"2,160936",4784.999999999995,321,2185.000000000001,2456.6000000000004
103173,90,793,dilluns,1899-12-30 03:00:00,51,"41,404484",Sagrada Familia,6756,"2,174691",4661.400000000001,324,2371.5,2667.1000000000004
95081,104,719,dilluns,1899-12-30 03:00:00,47,"41,406",Plaça de Joanic,7306,"2,162636",4267.600000000003,291,2495.699999999998,2805.7999999999997
101150,76,773,dilluns,1899-12-30 04:00:00,50,"41,37485",Sant Maria del Mar,497,"2,166773",4379.999999999998,321,3004.9999999999973,3147.7
101150,63,773,dilluns,1899-12-30 04:00:00,50,"41,378803",Mercat de Sant Antoni,5766,"2,160936",4784.999999999995,321,2185.000000000001,2397.1
103173,80,793,dilluns,1899-12-30 04:00:00,51,"41,404484",Sagrada Familia,6756,"2,174691",4661.400000000001,324,2371.5,2614.800000000001
95081,90,719,dilluns,1899-12-30 04:00:00,47,"41,406",Plaça de Joanic,7306,"2,162636",4267.600000000003,291,2495.699999999998,2744.2000000000007
101150,109,773,dilluns,1899-12-30 05:00:00,50,"41,37485",Sant Maria del Mar,497,"2,166773",4379.999999999998,321,3004.9999999999973,3251.5999999999995
101150,86,773,dilluns,1899-12-30 05:00:00,50,"41,378803",Mercat de Sant Antoni,5766,"2,160936",4784.999999999995,321,2185.000000000001,2488.9000000000005
103173,106,793,dilluns,1899-12-30 05:00:00,51,"41,404484",Sagrada Familia,6756,"2,174691",4661.400000000001,324,2371.5,2703.2
95081,98,719,dilluns,1899-12-30 05:00:00,47,"41,406",Plaça de Joanic,7306,"2,162636",4267.600000000003,291,2495.699999999998,2764.000000000001
101150,150,773,dilluns,1899-12-30 06:00:00,50,"41,37485",Sant Maria del Mar,497,"2,166773",4379.999999999998,321,3004.9999999999973,3338.7
101150,111,773,dilluns,1899-12-30 06:00:00,50,"41,378803",Mercat de Sant Antoni,5766,"2,160936",4784.999999999995,321,2185.000000000001,2630.7
103173,130,793,dilluns,1899-12-30 06:00:00,51,"41,404484",Sagrada Familia,6756,"2,174691",4661.400000000001,324,2371.5,2842.1
95081,112,719,dilluns,1899-12-30 06:00:00,47,"41,406",Plaça de Joanic,7306,"2,162636",4267.600000000003,291,2495.699999999998,2838.9
101150,128,773,dilluns,1899-12-30 07:00:00,50,"41,37485",Sant Maria del Mar,497,"2,166773",4379.999999999998,321,3004.9999999999973,3287.1
101150,127,773,dilluns,1899-12-30 07:00:00,50,"41,378803",Mercat de Sant Antoni,5766,"2,160936",4784.999999999995,321,2185.000000000001,2723.7000000000003
103173,149,793,dilluns,1899-12-30 07:00:00,51,"41,404484",Sagrada Familia,6756,"2,174691",4661.400000000001,324,2371.5,2894.3000000000006
95081,99,719,dilluns,1899-12-30 07:00:00,47,"41,406",Plaça de Joanic,7306,"2,162636",4267.600000000003,291,2495.699999999998,2776.600000000001
101150,147,773,dilluns,1899-12-30 08:00:00,50,"41,37485",Sant Maria del Mar,497,"2,166773",4379.999999999998,321,3004.9999999999973,3338.1000000000004
101150,164,773,dilluns,1899-12-30 08:00:00,50,"41,378803",Mercat de Sant Antoni,5766,"2,160936",4784.999999999995,321,2185.000000000001,2916.5000000000014
103173,157,793,dilluns,1899-12-30 08:00:00,51,"41,404484",Sagrada Familia,6756,"2,174691",4661.400000000001,324,2371.5,2964.799999999999
95081,114,719,dilluns,1899-12-30 08:00:00,47,"41,406",Plaça de Joanic,7306,"2,162636",4267.600000000003,291,2495.699999999998,2847.600000000001
101150,161,773,dilluns,1899-12-30 09:00:00,50,"41,37485",Sant Maria del Mar,497,"2,166773",4379.999999999998,321,3004.9999999999973,3386.9000000000005
101150,182,773,dilluns,1899-12-30 09:00:00,50,"41,378803",Mercat de Sant Antoni,5766,"2,160936",4784.999999999995,321,2185.000000000001,2990.8000000000006
103173,161,793,dilluns,1899-12-30 09:00:00,51,"41,404484",Sagrada Familia,6756,"2,174691",4661.400000000001,324,2371.5,2998.9999999999986
95081,161,719,dilluns,1899-12-30 09:00:00,47,"41,406",Plaça de Joanic,7306,"2,162636",4267.600000000003,291,2495.699999999998,3016.3000000000006
101150,182,773,dilluns,1899-12-30 10:00:00,50,"41,37485",Sant Maria del Mar,497,"2,166773",4379.999999999998,321,3004.9999999999973,3430.100000000001
101150,198,773,dilluns,1899-12-30 10:00:00,50,"41,378803",Mercat de Sant Antoni,5766,"2,160936",4784.999999999995,321,2185.000000000001,3079.899999999999
103173,197,793,dilluns,1899-12-30 10:00:00,51,"41,404484",Sagrada Familia,6756,"2,174691",4661.400000000001,324,2371.5,3132.8000000000006
95081,171,719,dilluns,1899-12-30 10:00:00,47,"41,406",Plaça de Joanic,7306,"2,162636",4267.600000000003,291,2495.699999999998,3059.2999999999997
101150,197,773,dilluns,1899-12-30 11:00:00,50,"41,37485",Sant Maria del Mar,497,"2,166773",4379.999999999998,321,3004.9999999999973,3470.9999999999995
101150,212,773,dilluns,1899-12-30 11:00:00,50,"41,378803",Mercat de Sant Antoni,5766,"2,160936",4784.999999999995,321,2185.000000000001,3195.4
103173,227,793,dilluns,1899-12-30 11:00:00,51,"41,404484",Sagrada Familia,6756,"2,174691",4661.400000000001,324,2371.5,3286.4000000000005
95081,187,719,dilluns,1899-12-30 11:00:00,47,"41,406",Plaça de Joanic,7306,"2,162636",4267.600000000003,291,2495.699999999998,3097.0000000000005
101150,207,773,dilluns,1899-12-30 12:00:00,50,"41,37485",Sant Maria del Mar,497,"2,166773",4379.999999999998,321,3004.9999999999973,3495.8999999999996
101150,236,773,dilluns,1899-12-30 12:00:00,50,"41,378803",Mercat de Sant Antoni,5766,"2,160936",4784.999999999995,321,2185.000000000001,3281.8999999999996
103173,246,793,dilluns,1899-12-30 12:00:00,51,"41,404484",Sagrada Familia,6756,"2,174691",4661.400000000001,324,2371.5,3352.7
95081,195,719,dilluns,1899-12-30 12:00:00,47,"41,406",Plaça de Joanic,7306,"2,162636",4267.600000000003,291,2495.699999999998,3120.3
101150,204,773,dilluns,1899-12-30 13:00:00,50,"41,37485",Sant Maria del Mar,497,"2,166773",4379.999999999998,321,3004.9999999999973,3510.1000000000004
101150,233,773,dilluns,1899-12-30 13:00:00,50,"41,378803",Mercat de Sant Antoni,5766,"2,160936",4784.999999999995,321,2185.000000000001,3268.2999999999993
103173,242,793,dilluns,1899-12-30 13:00:00,51,"41,404484",Sagrada Familia,6756,"2,174691",4661.400000000001,324,2371.5,3331.7
95081,192,719,dilluns,1899-12-30 13:00:00,47,"41,406",Plaça de Joanic,7306,"2,162636",4267.600000000003,291,2495.699999999998,3116.4000000000005
101150,200,773,dilluns,1899-12-30 14:00:00,50,"41,37485",Sant Maria del Mar,497,"2,166773",4379.999999999998,321,3004.9999999999973,3485.9
101150,228,773,dilluns,1899-12-30 14:00:00,50,"41,378803",Mercat de Sant Antoni,5766,"2,160936",4784.999999999995,321,2185.000000000001,3236.1
103173,236,793,dilluns,1899-12-30 14:00:00,51,"41,404484",Sagrada Familia,6756,"2,174691",4661.400000000001,324,2371.5,3311.5
95081,184,719,dilluns,1899-12-30 14:00:00,47,"41,406",Plaça de Joanic,7306,"2,162636",4267.600000000003,291,2495.699999999998,3095.199999999999
101150,198,773,dilluns,1899-12-30 15:00:00,50,"41,37485",Sant Maria del Mar,497,"2,166773",4379.999999999998,321,3004.9999999999973,3469.8
101150,205,773,dilluns,1899-12-30 15:00:00,50,"41,378803",Mercat de Sant Antoni,5766,"2,160936",4784.999999999995,321,2185.000000000001,3140.5000000000005
103173,229,793,dilluns,1899-12-30 15:00:00,51,"41,404484",Sagrada Familia,6756,"2,174691",4661.400000000001,324,2371.5,3297.5999999999995
95081,183,719,dilluns,1899-12-30 15:00:00,47,"41,406",Plaça de Joanic,7306,"2,162636",4267.600000000003,291,2495.699999999998,3080.8000000000006
101150,200,773,dilluns,1899-12-30 16:00:00,50,"41,37485",Sant Maria del Mar,497,"2,166773",4379.999999999998,321,3004.9999999999973,3480.4999999999995
101150,199,773,dilluns,1899-12-30 16:00:00,50,"41,378803",Mercat de Sant Antoni,5766,"2,160936",4784.999999999995,321,2185.000000000001,3076.4000000000005
103173,230,793,dilluns,1899-12-30 16:00:00,51,"41,404484",Sagrada Familia,6756,"2,174691",4661.400000000001,324,2371.5,3298.4
95081,183,719,dilluns,1899-12-30 16:00:00,47,"41,406",Plaça de Joanic,7306,"2,162636",4267.600000000003,291,2495.699999999998,3082.1
101150,202,773,dilluns,1899-12-30 17:00:00,50,"41,37485",Sant Maria del Mar,497,"2,166773",4379.999999999998,321,3004.9999999999973,3492.3999999999987
101150,189,773,dilluns,1899-12-30 17:00:00,50,"41,378803",Mercat de Sant Antoni,5766,"2,160936",4784.999999999995,321,2185.000000000001,3047.1999999999994
103173,230,793,dilluns,1899-12-30 17:00:00,51,"41,404484",Sagrada Familia,6756,"2,174691",4661.400000000001,324,2371.5,3295.399999999999
95081,190,719,dilluns,1899-12-30 17:00:00,47,"41,406",Plaça de Joanic,7306,"2,162636",4267.600000000003,291,2495.699999999998,3112.5
101150,214,773,dilluns,1899-12-30 18:00:00,50,"41,37485",Sant Maria del Mar,497,"2,166773",4379.999999999998,321,3004.9999999999973,3529.4
101150,199,773,dilluns,1899-12-30 18:00:00,50,"41,378803",Mercat de Sant Antoni,5766,"2,160936",4784.999999999995,321,2185.000000000001,3085
103173,230,793,dilluns,1899-12-30 18:00:00,51,"41,404484",Sagrada Familia,6756,"2,174691",4661.400000000001,324,2371.5,3295.3999999999996
95081,189,719,dilluns,1899-12-30 18:00:00,47,"41,406",Plaça de Joanic,7306,"2,162636",4267.600000000003,291,2495.699999999998,3116.7
101150,212,773,dilluns,1899-12-30 19:00:00,50,"41,37485",Sant Maria del Mar,497,"2,166773",4379.999999999998,321,3004.9999999999973,3531.3999999999996
101150,198,773,dilluns,1899-12-30 19:00:00,50,"41,378803",Mercat de Sant Antoni,5766,"2,160936",4784.999999999995,321,2185.000000000001,3094.9999999999995
103173,223,793,dilluns,1899-12-30 19:00:00,51,"41,404484",Sagrada Familia,6756,"2,174691",4661.400000000001,324,2371.5,3283.100000000001
95081,190,719,dilluns,1899-12-30 19:00:00,47,"41,406",Plaça de Joanic,7306,"2,162636",4267.600000000003,291,2495.699999999998,3102.9
101150,211,773,dilluns,1899-12-30 20:00:00,50,"41,37485",Sant Maria del Mar,497,"2,166773",4379.999999999998,321,3004.9999999999973,3517.500000000001
101150,192,773,dilluns,1899-12-30 20:00:00,50,"41,378803",Mercat de Sant Antoni,5766,"2,160936",4784.999999999995,321,2185.000000000001,3050.5000000000005
103173,218,793,dilluns,1899-12-30 20:00:00,51,"41,404484",Sagrada Familia,6756,"2,174691",4661.400000000001,324,2371.5,3253.2000000000003
95081,190,719,dilluns,1899-12-30 20:00:00,47,"41,406",Plaça de Joanic,7306,"2,162636",4267.600000000003,291,2495.699999999998,3113.7999999999997
101150,205,773,dilluns,1899-12-30 21:00:00,50,"41,37485",Sant Maria del Mar,497,"2,166773",4379.999999999998,321,3004.9999999999973,3499.9
101150,178,773,dilluns,1899-12-30 21:00:00,50,"41,378803",Mercat de Sant Antoni,5766,"2,160936",4784.999999999995,321,2185.000000000001,2999.6
103173,206,793,dilluns,1899-12-30 21:00:00,51,"41,404484",Sagrada Familia,6756,"2,174691",4661.400000000001,324,2371.5,3187.8000000000006
95081,179,719,dilluns,1899-12-30 21:00:00,47,"41,406",Plaça de Joanic,7306,"2,162636",4267.600000000003,291,2495.699999999998,3074.4
101150,196,773,dilluns,1899-12-30 22:00:00,50,"41,37485",Sant Maria del Mar,497,"2,166773",4379.999999999998,321,3004.9999999999973,3471.6000000000004
101150,165,773,dilluns,1899-12-30 22:00:00,50,"41,378803",Mercat de Sant Antoni,5766,"2,160936",4784.999999999995,321,2185.000000000001,2904.600000000001
103173,199,793,dilluns,1899-12-30 22:00:00,51,"41,404484",Sagrada Familia,6756,"2,174691",4661.400000000001,324,2371.5,3151.9999999999995
95081,159,719,dilluns,1899-12-30 22:00:00,47,"41,406",Plaça de Joanic,7306,"2,162636",4267.600000000003,291,2495.699999999998,3014.5
101150,172,773,dilluns,1899-12-30 23:00:00,50,"41,37485",Sant Maria del Mar,497,"2,166773",4379.999999999998,321,3004.9999999999973,3421.2000000000007
101150,148,773,dilluns,1899-12-30 23:00:00,50,"41,378803",Mercat de Sant Antoni,5766,"2,160936",4784.999999999995,321,2185.000000000001,2826.9
103173,197,793,dilluns,1899-12-30 23:00:00,51,"41,404484",Sagrada Familia,6756,"2,174691",4661.400000000001,324,2371.5,3136.2
95081,149,719,dilluns,1899-12-30 23:00:00,47,"41,406",Plaça de Joanic,7306,"2,162636",4267.600000000003,291,2495.699999999998,2979.7
105196,152,841,dimarts,1899-12-30 00:00:00,52,"41,37485",Sant Maria del Mar,497,"2,166773",4555.199999999999,336,3125.199999999997,3468.6999999999985
105196,186,841,dimarts,1899-12-30 00:00:00,52,"41,378803",Mercat de Sant Antoni,5766,"2,160936",4976.399999999995,336,2272.4000000000005,3092.4999999999995
105196,197,841,dimarts,1899-12-30 00:00:00,52,"41,404484",Sagrada Familia,6756,"2,174691",4752.8,336,2418,3172
99127,147,780,dimarts,1899-12-30 00:00:00,49,"41,406",Plaça de Joanic,7306,"2,162636",4449.2000000000035,305,2601.899999999998,3040.7999999999993
105196,128,841,dimarts,1899-12-30 01:00:00,52,"41,37485",Sant Maria del Mar,497,"2,166773",4555.199999999999,336,3125.199999999997,3410.3
105196,146,841,dimarts,1899-12-30 01:00:00,52,"41,378803",Mercat de Sant Antoni,5766,"2,160936",4976.399999999995,336,2272.4000000000005,2904.7999999999997
105196,165,841,dimarts,1899-12-30 01:00:00,52,"41,404484",Sagrada Familia,6756,"2,174691",4752.8,336,2418,3059.5
99127,108,780,dimarts,1899-12-30 01:00:00,49,"41,406",Plaça de Joanic,7306,"2,162636",4449.2000000000035,305,2601.899999999998,2923
105196,93,841,dimarts,1899-12-30 02:00:00,52,"41,37485",Sant Maria del Mar,497,"2,166773",4555.199999999999,336,3125.199999999997,3307.6000000000004
105196,117,841,dimarts,1899-12-30 02:00:00,52,"41,378803",Mercat de Sant Antoni,5766,"2,160936",4976.399999999995,336,2272.4000000000005,2763.6999999999994
105196,121,841,dimarts,1899-12-30 02:00:00,52,"41,404484",Sagrada Familia,6756,"2,174691",4752.8,336,2418,2851.000000000001
99127,103,780,dimarts,1899-12-30 02:00:00,49,"41,406",Plaça de Joanic,7306,"2,162636",4449.2000000000035,305,2601.899999999998,2896.6000000000004
105196,106,841,dimarts,1899-12-30 03:00:00,52,"41,37485",Sant Maria del Mar,497,"2,166773",4555.199999999999,336,3125.199999999997,3350.7999999999997
105196,100,841,dimarts,1899-12-30 03:00:00,52,"41,378803",Mercat de Sant Antoni,5766,"2,160936",4976.399999999995,336,2272.4000000000005,2669.1999999999994
105196,89,841,dimarts,1899-12-30 03:00:00,52,"41,404484",Sagrada Familia,6756,"2,174691",4752.8,336,2418,2685.7999999999993
99127,84,780,dimarts,1899-12-30 03:00:00,49,"41,406",Plaça de Joanic,7306,"2,162636",4449.2000000000035,305,2601.899999999998,2840.7999999999993
105196,94,841,dimarts,1899-12-30 04:00:00,52,"41,37485",Sant Maria del Mar,497,"2,166773",4555.199999999999,336,3125.199999999997,3308.899999999999
105196,95,841,dimarts,1899-12-30 04:00:00,52,"41,378803",Mercat de Sant Antoni,5766,"2,160936",4976.399999999995,336,2272.4000000000005,2640.8999999999996
105196,83,841,dimarts,1899-12-30 04:00:00,52,"41,404484",Sagrada Familia,6756,"2,174691",4752.8,336,2418,2668.4999999999995
99127,89,780,dimarts,1899-12-30 04:00:00,49,"41,406",Plaça de Joanic,7306,"2,162636",4449.2000000000035,305,2601.899999999998,2839.8999999999996
105196,119,841,dimarts,1899-12-30 05:00:00,52,"41,37485",Sant Maria del Mar,497,"2,166773",4555.199999999999,336,3125.199999999997,3387.1999999999994
105196,104,841,dimarts,1899-12-30 05:00:00,52,"41,378803",Mercat de Sant Antoni,5766,"2,160936",4976.399999999995,336,2272.4000000000005,2663
105196,100,841,dimarts,1899-12-30 05:00:00,52,"41,404484",Sagrada Familia,6756,"2,174691",4752.8,336,2418,2758
99127,99,780,dimarts,1899-12-30 05:00:00,49,"41,406",Plaça de Joanic,7306,"2,162636",4449.2000000000035,305,2601.899999999998,2883.3999999999996
105196,158,841,dimarts,1899-12-30 06:00:00,52,"41,37485",Sant Maria del Mar,497,"2,166773",4555.199999999999,336,3125.199999999997,3491.7
105196,119,841,dimarts,1899-12-30 06:00:00,52,"41,378803",Mercat de Sant Antoni,5766,"2,160936",4976.399999999995,336,2272.4000000000005,2752.1000000000004
103173,141,817,dimarts,1899-12-30 06:00:00,51,"41,404484",Sagrada Familia,6756,"2,174691",4661.400000000001,326,2371.5,2867.3
99127,135,780,dimarts,1899-12-30 06:00:00,49,"41,406",Plaça de Joanic,7306,"2,162636",4449.2000000000035,305,2601.899999999998,3000.7999999999997
103173,198,820,dimarts,1899-12-30 07:00:00,51,"41,37485",Sant Maria del Mar,497,"2,166773",4467.5999999999985,333,3065.099999999997,3557
103173,172,820,dimarts,1899-12-30 07:00:00,51,"41,378803",Mercat de Sant Antoni,5766,"2,160936",4880.699999999995,333,2228.7000000000007,2996.2
105196,176,841,dimarts,1899-12-30 07:00:00,52,"41,404484",Sagrada Familia,6756,"2,174691",4752.8,336,2418,3099.0999999999995
99127,165,780,dimarts,1899-12-30 07:00:00,49,"41,406",Plaça de Joanic,7306,"2,162636",4449.2000000000035,305,2601.899999999998,3136.7000000000007
103173,224,820,dimarts,1899-12-30 08:00:00,51,"41,37485",Sant Maria del Mar,497,"2,166773",4467.5999999999985,333,3065.099999999997,3611.8999999999996
103173,202,820,dimarts,1899-12-30 08:00:00,51,"41,378803",Mercat de Sant Antoni,5766,"2,160936",4880.699999999995,333,2228.7000000000007,3135.5000000000014
105196,210,841,dimarts,1899-12-30 08:00:00,52,"41,404484",Sagrada Familia,6756,"2,174691",4752.8,336,2418,3247.3
99127,219,780,dimarts,1899-12-30 08:00:00,49,"41,406",Plaça de Joanic,7306,"2,162636",4449.2000000000035,305,2601.899999999998,3332
103173,221,820,dimarts,1899-12-30 09:00:00,51,"41,37485",Sant Maria del Mar,497,"2,166773",4467.5999999999985,333,3065.099999999997,3608.2000000000007
103173,210,820,dimarts,1899-12-30 09:00:00,51,"41,378803",Mercat de Sant Antoni,5766,"2,160936",4880.699999999995,333,2228.7000000000007,3185.8
105196,209,841,dimarts,1899-12-30 09:00:00,52,"41,404484",Sagrada Familia,6756,"2,174691",4752.8,336,2418,3245.299999999999
99127,221,780,dimarts,1899-12-30 09:00:00,49,"41,406",Plaça de Joanic,7306,"2,162636",4449.2000000000035,305,2601.899999999998,3349.5
103173,213,820,dimarts,1899-12-30 10:00:00,51,"41,37485",Sant Maria del Mar,497,"2,166773",4467.5999999999985,333,3065.099999999997,3591.1
103173,205,820,dimarts,1899-12-30 10:00:00,51,"41,378803",Mercat de Sant Antoni,5766,"2,160936",4880.699999999995,333,2228.7000000000007,3169.499999999999
105196,225,841,dimarts,1899-12-30 10:00:00,52,"41,404484",Sagrada Familia,6756,"2,174691",4752.8,336,2418,3315.2000000000003
99127,235,780,dimarts,1899-12-30 10:00:00,49,"41,406",Plaça de Joanic,7306,"2,162636",4449.2000000000035,305,2601.899999999998,3395.9999999999995
103173,216,820,dimarts,1899-12-30 11:00:00,51,"41,37485",Sant Maria del Mar,497,"2,166773",4467.5999999999985,333,3065.099999999997,3602.3999999999996
103173,215,820,dimarts,1899-12-30 11:00:00,51,"41,378803",Mercat de Sant Antoni,5766,"2,160936",4880.699999999995,333,2228.7000000000007,3219.2
105196,251,841,dimarts,1899-12-30 11:00:00,52,"41,404484",Sagrada Familia,6756,"2,174691",4752.8,336,2418,3400.5
99127,222,780,dimarts,1899-12-30 11:00:00,49,"41,406",Plaça de Joanic,7306,"2,162636",4449.2000000000035,305,2601.899999999998,3367.3
103173,214,820,dimarts,1899-12-30 12:00:00,51,"41,37485",Sant Maria del Mar,497,"2,166773",4467.5999999999985,333,3065.099999999997,3598.7000000000003
103173,224,820,dimarts,1899-12-30 12:00:00,51,"41,378803",Mercat de Sant Antoni,5766,"2,160936",4880.699999999995,333,2228.7000000000007,3272.2000000000003
105196,254,841,dimarts,1899-12-30 12:00:00,52,"41,404484",Sagrada Familia,6756,"2,174691",4752.8,336,2418,3444.5
99127,232,780,dimarts,1899-12-30 12:00:00,49,"41,406",Plaça de Joanic,7306,"2,162636",4449.2000000000035,305,2601.899999999998,3388.7
103173,218,820,dimarts,1899-12-30 13:00:00,51,"41,37485",Sant Maria del Mar,497,"2,166773",4467.5999999999985,333,3065.099999999997,3608.199999999999
103173,206,820,dimarts,1899-12-30 13:00:00,51,"41,378803",Mercat de Sant Antoni,5766,"2,160936",4880.699999999995,333,2228.7000000000007,3177.5000000000005
105196,248,841,dimarts,1899-12-30 13:00:00,52,"41,404484",Sagrada Familia,6756,"2,174691",4752.8,336,2418,3400.5000000000005
99127,236,780,dimarts,1899-12-30 13:00:00,49,"41,406",Plaça de Joanic,7306,"2,162636",4449.2000000000035,305,2601.899999999998,3398.0999999999995
103173,214,820,dimarts,1899-12-30 14:00:00,51,"41,37485",Sant Maria del Mar,497,"2,166773",4467.5999999999985,333,3065.099999999997,3597.4
103173,195,820,dimarts,1899-12-30 14:00:00,51,"41,378803",Mercat de Sant Antoni,5766,"2,160936",4880.699999999995,333,2228.7000000000007,3084.6000000000004
105196,243,841,dimarts,1899-12-30 14:00:00,52,"41,404484",Sagrada Familia,6756,"2,174691",4752.8,336,2418,3386.2000000000007
99127,205,780,dimarts,1899-12-30 14:00:00,49,"41,406",Plaça de Joanic,7306,"2,162636",4449.2000000000035,305,2601.899999999998,3304.5
103173,211,820,dimarts,1899-12-30 15:00:00,51,"41,37485",Sant Maria del Mar,497,"2,166773",4467.5999999999985,333,3065.099999999997,3591.4
103173,182,820,dimarts,1899-12-30 15:00:00,51,"41,378803",Mercat de Sant Antoni,5766,"2,160936",4880.699999999995,333,2228.7000000000007,3054.3999999999996
105196,240,841,dimarts,1899-12-30 15:00:00,52,"41,404484",Sagrada Familia,6756,"2,174691",4752.8,336,2418,3381.7999999999993
99127,228,780,dimarts,1899-12-30 15:00:00,49,"41,406",Plaça de Joanic,7306,"2,162636",4449.2000000000035,305,2601.899999999998,3377.5000000000005
103173,214,820,dimarts,1899-12-30 16:00:00,51,"41,37485",Sant Maria del Mar,497,"2,166773",4467.5999999999985,333,3065.099999999997,3592.0999999999995
103173,192,820,dimarts,1899-12-30 16:00:00,51,"41,378803",Mercat de Sant Antoni,5766,"2,160936",4880.699999999995,333,2228.7000000000007,3078.1000000000004
105196,249,841,dimarts,1899-12-30 16:00:00,52,"41,404484",Sagrada Familia,6756,"2,174691",4752.8,336,2418,3405.8999999999996
99127,235,780,dimarts,1899-12-30 16:00:00,49,"41,406",Plaça de Joanic,7306,"2,162636",4449.2000000000035,305,2601.899999999998,3394.9
105196,214,841,dimarts,1899-12-30 17:00:00,52,"41,37485",Sant Maria del Mar,497,"2,166773",4555.199999999999,336,3125.199999999997,3671.7000000000007
105196,211,841,dimarts,1899-12-30 17:00:00,52,"41,378803",Mercat de Sant Antoni,5766,"2,160936",4976.399999999995,336,2272.4000000000005,3245.2999999999997
105196,235,841,dimarts,1899-12-30 17:00:00,52,"41,404484",Sagrada Familia,6756,"2,174691",4752.8,336,2418,3346.799999999999
99127,231,780,dimarts,1899-12-30 17:00:00,49,"41,406",Plaça de Joanic,7306,"2,162636",4449.2000000000035,305,2601.899999999998,3374.5
105196,224,841,dimarts,1899-12-30 18:00:00,52,"41,37485",Sant Maria del Mar,497,"2,166773",4555.199999999999,336,3125.199999999997,3687.9
105196,217,841,dimarts,1899-12-30 18:00:00,52,"41,378803",Mercat de Sant Antoni,5766,"2,160936",4976.399999999995,336,2272.4000000000005,3280.9
105196,221,841,dimarts,1899-12-30 18:00:00,52,"41,404484",Sagrada Familia,6756,"2,174691",4752.8,336,2418,3315.1999999999994
99127,223,780,dimarts,1899-12-30 18:00:00,49,"41,406",Plaça de Joanic,7306,"2,162636",4449.2000000000035,305,2601.899999999998,3346.9999999999986
105196,227,841,dimarts,1899-12-30 19:00:00,52,"41,37485",Sant Maria del Mar,497,"2,166773",4555.199999999999,336,3125.199999999997,3686.4000000000005
105196,220,841,dimarts,1899-12-30 19:00:00,52,"41,378803",Mercat de Sant Antoni,5766,"2,160936",4976.399999999995,336,2272.4000000000005,3311.6
105196,222,841,dimarts,1899-12-30 19:00:00,52,"41,404484",Sagrada Familia,6756,"2,174691",4752.8,336,2418,3304.9999999999995
99127,216,780,dimarts,1899-12-30 19:00:00,49,"41,406",Plaça de Joanic,7306,"2,162636",4449.2000000000035,305,2601.899999999998,3332.8000000000015
105196,213,841,dimarts,1899-12-30 20:00:00,52,"41,37485",Sant Maria del Mar,497,"2,166773",4555.199999999999,336,3125.199999999997,3660.299999999999
105196,223,841,dimarts,1899-12-30 20:00:00,52,"41,378803",Mercat de Sant Antoni,5766,"2,160936",4976.399999999995,336,2272.4000000000005,3296.9999999999995
105196,212,841,dimarts,1899-12-30 20:00:00,52,"41,404484",Sagrada Familia,6756,"2,174691",4752.8,336,2418,3271.899999999999
99127,202,780,dimarts,1899-12-30 20:00:00,49,"41,406",Plaça de Joanic,7306,"2,162636",4449.2000000000035,305,2601.899999999998,3295.2000000000003
105196,213,841,dimarts,1899-12-30 21:00:00,52,"41,37485",Sant Maria del Mar,497,"2,166773",4555.199999999999,336,3125.199999999997,3631.5999999999995
105196,203,841,dimarts,1899-12-30 21:00:00,52,"41,378803",Mercat de Sant Antoni,5766,"2,160936",4976.399999999995,336,2272.4000000000005,3181.7
105196,208,841,dimarts,1899-12-30 21:00:00,52,"41,404484",Sagrada Familia,6756,"2,174691",4752.8,336,2418,3236.2000000000003
99127,194,780,dimarts,1899-12-30 21:00:00,49,"41,406",Plaça de Joanic,7306,"2,162636",4449.2000000000035,305,2601.899999999998,3250.1
105196,195,841,dimarts,1899-12-30 22:00:00,52,"41,37485",Sant Maria del Mar,497,"2,166773",4555.199999999999,336,3125.199999999997,3589.8000000000006
105196,178,841,dimarts,1899-12-30 22:00:00,52,"41,378803",Mercat de Sant Antoni,5766,"2,160936",4976.399999999995,336,2272.4000000000005,3072.6
105196,202,841,dimarts,1899-12-30 22:00:00,52,"41,404484",Sagrada Familia,6756,"2,174691",4752.8,336,2418,3208.899999999999
99127,171,780,dimarts,1899-12-30 22:00:00,49,"41,406",Plaça de Joanic,7306,"2,162636",4449.2000000000035,305,2601.899999999998,3161.2999999999993
105196,169,841,dimarts,1899-12-30 23:00:00,52,"41,37485",Sant Maria del Mar,497,"2,166773",4555.199999999999,336,3125.199999999997,3518.1999999999994
105196,182,841,dimarts,1899-12-30 23:00:00,52,"41,378803",Mercat de Sant Antoni,5766,"2,160936",4976.399999999995,336,2272.4000000000005,3091.6000000000004
105196,194,841,dimarts,1899-12-30 23:00:00,52,"41,404484",Sagrada Familia,6756,"2,174691",4752.8,336,2418,3157
99127,154,780,dimarts,1899-12-30 23:00:00,49,"41,406",Plaça de Joanic,7306,"2,162636",4449.2000000000035,305,2601.899999999998,3114.5000000000005
103173,145,788,dimecres,1899-12-30 00:00:00,51,"41,37485",Sant Maria del Mar,497,"2,166773",4467.5999999999985,337,3065.099999999997,3395.099999999999
103173,138,788,dimecres,1899-12-30 00:00:00,51,"41,378803",Mercat de Sant Antoni,5766,"2,160936",4880.699999999995,337,2228.7000000000007,2832
103173,201,788,dimecres,1899-12-30 00:00:00,51,"41,404484",Sagrada Familia,6756,"2,174691",4661.400000000001,337,2371.5,3132.7
95081,148,736,dimecres,1899-12-30 00:00:00,47,"41,406",Plaça de Joanic,7306,"2,162636",4267.600000000003,295,2495.699999999998,2976.1000000000004
105196,126,803,dimecres,1899-12-30 01:00:00,52,"41,37485",Sant Maria del Mar,497,"2,166773",4555.199999999999,339,3125.199999999997,3403.3000000000015
105196,142,803,dimecres,1899-12-30 01:00:00,52,"41,378803",Mercat de Sant Antoni,5766,"2,160936",4976.399999999995,339,2272.4000000000005,2874.5999999999985
105196,172,803,dimecres,1899-12-30 01:00:00,52,"41,404484",Sagrada Familia,6756,"2,174691",4752.8,339,2418,3080.8999999999996
97104,124,751,dimecres,1899-12-30 01:00:00,48,"41,406",Plaça de Joanic,7306,"2,162636",4358.400000000003,297,2548.799999999998,2923.4
105196,86,803,dimecres,1899-12-30 02:00:00,52,"41,37485",Sant Maria del Mar,497,"2,166773",4555.199999999999,339,3125.199999999997,3293.8
105196,113,803,dimecres,1899-12-30 02:00:00,52,"41,378803",Mercat de Sant Antoni,5766,"2,160936",4976.399999999995,339,2272.4000000000005,2725.3999999999996
105196,117,803,dimecres,1899-12-30 02:00:00,52,"41,404484",Sagrada Familia,6756,"2,174691",4752.8,339,2418,2835.3999999999996
97104,110,751,dimecres,1899-12-30 02:00:00,48,"41,406",Plaça de Joanic,7306,"2,162636",4358.400000000003,297,2548.799999999998,2877.6999999999994
105196,98,803,dimecres,1899-12-30 03:00:00,52,"41,37485",Sant Maria del Mar,497,"2,166773",4555.199999999999,339,3125.199999999997,3328.7000000000003
105196,90,803,dimecres,1899-12-30 03:00:00,52,"41,378803",Mercat de Sant Antoni,5766,"2,160936",4976.399999999995,339,2272.4000000000005,2601.7999999999997
105196,97,803,dimecres,1899-12-30 03:00:00,52,"41,404484",Sagrada Familia,6756,"2,174691",4752.8,339,2418,2732.7000000000007
97104,93,751,dimecres,1899-12-30 03:00:00,48,"41,406",Plaça de Joanic,7306,"2,162636",4358.400000000003,297,2548.799999999998,2815.8000000000006
105196,73,803,dimecres,1899-12-30 04:00:00,52,"41,37485",Sant Maria del Mar,497,"2,166773",4555.199999999999,339,3125.199999999997,3259.2000000000007
105196,76,803,dimecres,1899-12-30 04:00:00,52,"41,378803",Mercat de Sant Antoni,5766,"2,160936",4976.399999999995,339,2272.4000000000005,2545.9000000000005
105196,89,803,dimecres,1899-12-30 04:00:00,52,"41,404484",Sagrada Familia,6756,"2,174691",4752.8,339,2418,2694.1000000000004
97104,83,751,dimecres,1899-12-30 04:00:00,48,"41,406",Plaça de Joanic,7306,"2,162636",4358.400000000003,297,2548.799999999998,2782.799999999999
105196,111,803,dimecres,1899-12-30 05:00:00,52,"41,37485",Sant Maria del Mar,497,"2,166773",4555.199999999999,339,3125.199999999997,3369.1000000000004
105196,106,803,dimecres,1899-12-30 05:00:00,52,"41,378803",Mercat de Sant Antoni,5766,"2,160936",4976.399999999995,339,2272.4000000000005,2694.7000000000003
105196,102,803,dimecres,1899-12-30 05:00:00,52,"41,404484",Sagrada Familia,6756,"2,174691",4752.8,339,2418,2755.7
97104,100,751,dimecres,1899-12-30 05:00:00,48,"41,406",Plaça de Joanic,7306,"2,162636",4358.400000000003,297,2548.799999999998,2828.9
105196,157,803,dimecres,1899-12-30 06:00:00,52,"41,37485",Sant Maria del Mar,497,"2,166773",4555.199999999999,339,3125.199999999997,3488.2000000000003
105196,123,803,dimecres,1899-12-30 06:00:00,52,"41,378803",Mercat de Sant Antoni,5766,"2,160936",4976.399999999995,339,2272.4000000000005,2768.7999999999993
105196,137,803,dimecres,1899-12-30 06:00:00,52,"41,404484",Sagrada Familia,6756,"2,174691",4752.8,339,2418,2909.800000000001
97104,130,751,dimecres,1899-12-30 06:00:00,48,"41,406",Plaça de Joanic,7306,"2,162636",4358.400000000003,297,2548.799999999998,2933.5000000000005
105196,207,803,dimecres,1899-12-30 07:00:00,52,"41,37485",Sant Maria del Mar,497,"2,166773",4555.199999999999,339,3125.199999999997,3639.7000000000003
105196,167,803,dimecres,1899-12-30 07:00:00,52,"41,378803",Mercat de Sant Antoni,5766,"2,160936",4976.399999999995,339,2272.4000000000005,3039.7999999999997
105196,184,803,dimecres,1899-12-30 07:00:00,52,"41,404484",Sagrada Familia,6756,"2,174691",4752.8,339,2418,3118.699999999999
97104,180,751,dimecres,1899-12-30 07:00:00,48,"41,406",Plaça de Joanic,7306,"2,162636",4358.400000000003,297,2548.799999999998,3124.3
105196,247,803,dimecres,1899-12-30 08:00:00,52,"41,37485",Sant Maria del Mar,497,"2,166773",4555.199999999999,339,3125.199999999997,3719.600000000001
105196,210,803,dimecres,1899-12-30 08:00:00,52,"41,378803",Mercat de Sant Antoni,5766,"2,160936",4976.399999999995,339,2272.4000000000005,3218.6000000000004
105196,218,803,dimecres,1899-12-30 08:00:00,52,"41,404484",Sagrada Familia,6756,"2,174691",4752.8,339,2418,3288.5
97104,218,751,dimecres,1899-12-30 08:00:00,48,"41,406",Plaça de Joanic,7306,"2,162636",4358.400000000003,297,2548.799999999998,3288.9000000000005
105196,231,803,dimecres,1899-12-30 09:00:00,52,"41,37485",Sant Maria del Mar,497,"2,166773",4555.199999999999,339,3125.199999999997,3697.2999999999997
105196,216,803,dimecres,1899-12-30 09:00:00,52,"41,378803",Mercat de Sant Antoni,5766,"2,160936",4976.399999999995,339,2272.4000000000005,3256.5999999999995
105196,217,803,dimecres,1899-12-30 09:00:00,52,"41,404484",Sagrada Familia,6756,"2,174691",4752.8,339,2418,3292.0000000000005
97104,223,751,dimecres,1899-12-30 09:00:00,48,"41,406",Plaça de Joanic,7306,"2,162636",4358.400000000003,297,2548.799999999998,3307.6
105196,215,803,dimecres,1899-12-30 10:00:00,52,"41,37485",Sant Maria del Mar,497,"2,166773",4555.199999999999,339,3125.199999999997,3663.8999999999996
105196,215,803,dimecres,1899-12-30 10:00:00,52,"41,378803",Mercat de Sant Antoni,5766,"2,160936",4976.399999999995,339,2272.4000000000005,3257.0000000000005
105196,230,803,dimecres,1899-12-30 10:00:00,52,"41,404484",Sagrada Familia,6756,"2,174691",4752.8,339,2418,3337.3
97104,227,751,dimecres,1899-12-30 10:00:00,48,"41,406",Plaça de Joanic,7306,"2,162636",4358.400000000003,297,2548.799999999998,3323.9
105196,220,803,dimecres,1899-12-30 11:00:00,52,"41,37485",Sant Maria del Mar,497,"2,166773",4555.199999999999,339,3125.199999999997,3683.699999999999
105196,221,803,dimecres,1899-12-30 11:00:00,52,"41,378803",Mercat de Sant Antoni,5766,"2,160936",4976.399999999995,339,2272.4000000000005,3306.199999999999
105196,250,803,dimecres,1899-12-30 11:00:00,52,"41,404484",Sagrada Familia,6756,"2,174691",4752.8,339,2418,3427.099999999999
97104,224,751,dimecres,1899-12-30 11:00:00,48,"41,406",Plaça de Joanic,7306,"2,162636",4358.400000000003,297,2548.799999999998,3312.1000000000004
105196,226,803,dimecres,1899-12-30 12:00:00,52,"41,37485",Sant Maria del Mar,497,"2,166773",4555.199999999999,339,3125.199999999997,3691.700000000001
105196,215,803,dimecres,1899-12-30 12:00:00,52,"41,378803",Mercat de Sant Antoni,5766,"2,160936",4976.399999999995,339,2272.4000000000005,3275.0999999999995
105196,253,803,dimecres,1899-12-30 12:00:00,52,"41,404484",Sagrada Familia,6756,"2,174691",4752.8,339,2418,3455.0000000000014
97104,229,751,dimecres,1899-12-30 12:00:00,48,"41,406",Plaça de Joanic,7306,"2,162636",4358.400000000003,297,2548.799999999998,3329.3999999999996
105196,232,803,dimecres,1899-12-30 13:00:00,52,"41,37485",Sant Maria del Mar,497,"2,166773",4555.199999999999,339,3125.199999999997,3695.9000000000005
105196,211,803,dimecres,1899-12-30 13:00:00,52,"41,378803",Mercat de Sant Antoni,5766,"2,160936",4976.399999999995,339,2272.4000000000005,3216.7000000000003
105196,251,803,dimecres,1899-12-30 13:00:00,52,"41,404484",Sagrada Familia,6756,"2,174691",4752.8,339,2418,3401.1999999999985
97104,233,751,dimecres,1899-12-30 13:00:00,48,"41,406",Plaça de Joanic,7306,"2,162636",4358.400000000003,297,2548.799999999998,3323.9999999999995
105196,223,803,dimecres,1899-12-30 14:00:00,52,"41,37485",Sant Maria del Mar,497,"2,166773",4555.199999999999,339,3125.199999999997,3682.8000000000006
105196,201,803,dimecres,1899-12-30 14:00:00,52,"41,378803",Mercat de Sant Antoni,5766,"2,160936",4976.399999999995,339,2272.4000000000005,3154.6000000000004
105196,250,803,dimecres,1899-12-30 14:00:00,52,"41,404484",Sagrada Familia,6756,"2,174691",4752.8,339,2418,3392.3000000000006
97104,210,751,dimecres,1899-12-30 14:00:00,48,"41,406",Plaça de Joanic,7306,"2,162636",4358.400000000003,297,2548.799999999998,3265.3999999999996
105196,222,803,dimecres,1899-12-30 15:00:00,52,"41,37485",Sant Maria del Mar,497,"2,166773",4555.199999999999,339,3125.199999999997,3673.6
105196,185,803,dimecres,1899-12-30 15:00:00,52,"41,378803",Mercat de Sant Antoni,5766,"2,160936",4976.399999999995,339,2272.4000000000005,3108.6
105196,246,803,dimecres,1899-12-30 15:00:00,52,"41,404484",Sagrada Familia,6756,"2,174691",4752.8,339,2418,3399.899999999999
97104,228,751,dimecres,1899-12-30 15:00:00,48,"41,406",Plaça de Joanic,7306,"2,162636",4358.400000000003,297,2548.799999999998,3326.3
105196,218,803,dimecres,1899-12-30 16:00:00,52,"41,37485",Sant Maria del Mar,497,"2,166773",4555.199999999999,339,3125.199999999997,3672.8
105196,206,803,dimecres,1899-12-30 16:00:00,52,"41,378803",Mercat de Sant Antoni,5766,"2,160936",4976.399999999995,339,2272.4000000000005,3167.7000000000003
105196,242,803,dimecres,1899-12-30 16:00:00,52,"41,404484",Sagrada Familia,6756,"2,174691",4752.8,339,2418,3393.4000000000005
97104,240,751,dimecres,1899-12-30 16:00:00,48,"41,406",Plaça de Joanic,7306,"2,162636",4358.400000000003,297,2548.799999999998,3349.7000000000003
105196,225,803,dimecres,1899-12-30 17:00:00,52,"41,37485",Sant Maria del Mar,497,"2,166773",4555.199999999999,339,3125.199999999997,3689.4000000000015
105196,213,803,dimecres,1899-12-30 17:00:00,52,"41,378803",Mercat de Sant Antoni,5766,"2,160936",4976.399999999995,339,2272.4000000000005,3244.8
105196,234,803,dimecres,1899-12-30 17:00:00,52,"41,404484",Sagrada Familia,6756,"2,174691",4752.8,339,2418,3352.1
97104,235,751,dimecres,1899-12-30 17:00:00,48,"41,406",Plaça de Joanic,7306,"2,162636",4358.400000000003,297,2548.799999999998,3329.9999999999995
105196,233,803,dimecres,1899-12-30 18:00:00,52,"41,37485",Sant Maria del Mar,497,"2,166773",4555.199999999999,339,3125.199999999997,3695.4000000000005
105196,214,803,dimecres,1899-12-30 18:00:00,52,"41,378803",Mercat de Sant Antoni,5766,"2,160936",4976.399999999995,339,2272.4000000000005,3270.100000000001
105196,223,803,dimecres,1899-12-30 18:00:00,52,"41,404484",Sagrada Familia,6756,"2,174691",4752.8,339,2418,3321.2000000000003
97104,223,751,dimecres,1899-12-30 18:00:00,48,"41,406",Plaça de Joanic,7306,"2,162636",4358.400000000003,297,2548.799999999998,3297.5
105196,230,803,dimecres,1899-12-30 19:00:00,52,"41,37485",Sant Maria del Mar,497,"2,166773",4555.199999999999,339,3125.199999999997,3700.699999999999
105196,219,803,dimecres,1899-12-30 19:00:00,52,"41,378803",Mercat de Sant Antoni,5766,"2,160936",4976.399999999995,339,2272.4000000000005,3306.2000000000003
105196,221,803,dimecres,1899-12-30 19:00:00,52,"41,404484",Sagrada Familia,6756,"2,174691",4752.8,339,2418,3300.4999999999995
97104,224,751,dimecres,1899-12-30 19:00:00,48,"41,406",Plaça de Joanic,7306,"2,162636",4358.400000000003,297,2548.799999999998,3294.8
105196,220,803,dimecres,1899-12-30 20:00:00,52,"41,37485",Sant Maria del Mar,497,"2,166773",4555.199999999999,339,3125.199999999997,3672.600000000001
105196,222,803,dimecres,1899-12-30 20:00:00,52,"41,378803",Mercat de Sant Antoni,5766,"2,160936",4976.399999999995,339,2272.4000000000005,3306.6999999999994
105196,217,803,dimecres,1899-12-30 20:00:00,52,"41,404484",Sagrada Familia,6756,"2,174691",4752.8,339,2418,3279.3000000000015
97104,205,751,dimecres,1899-12-30 20:00:00,48,"41,406",Plaça de Joanic,7306,"2,162636",4358.400000000003,297,2548.799999999998,3251.3
105196,212,803,dimecres,1899-12-30 21:00:00,52,"41,37485",Sant Maria del Mar,497,"2,166773",4555.199999999999,339,3125.199999999997,3633.8
105196,206,803,dimecres,1899-12-30 21:00:00,52,"41,378803",Mercat de Sant Antoni,5766,"2,160936",4976.399999999995,339,2272.4000000000005,3210.000000000001
105196,210,803,dimecres,1899-12-30 21:00:00,52,"41,404484",Sagrada Familia,6756,"2,174691",4752.8,339,2418,3243.2999999999997
97104,193,751,dimecres,1899-12-30 21:00:00,48,"41,406",Plaça de Joanic,7306,"2,162636",4358.400000000003,297,2548.799999999998,3185.7
105196,203,803,dimecres,1899-12-30 22:00:00,52,"41,37485",Sant Maria del Mar,497,"2,166773",4555.199999999999,339,3125.199999999997,3595.4000000000005
105196,178,803,dimecres,1899-12-30 22:00:00,52,"41,378803",Mercat de Sant Antoni,5766,"2,160936",4976.399999999995,339,2272.4000000000005,3070.2
105196,207,803,dimecres,1899-12-30 22:00:00,52,"41,404484",Sagrada Familia,6756,"2,174691",4752.8,339,2418,3213.2
97104,175,751,dimecres,1899-12-30 22:00:00,48,"41,406",Plaça de Joanic,7306,"2,162636",4358.400000000003,297,2548.799999999998,3110.1
105196,169,803,dimecres,1899-12-30 23:00:00,52,"41,37485",Sant Maria del Mar,497,"2,166773",4555.199999999999,339,3125.199999999997,3523.5
105196,159,803,dimecres,1899-12-30 23:00:00,52,"41,378803",Mercat de Sant Antoni,5766,"2,160936",4976.399999999995,339,2272.4000000000005,2956.0000000000005
105196,198,803,dimecres,1899-12-30 23:00:00,52,"41,404484",Sagrada Familia,6756,"2,174691",4752.8,339,2418,3171.9999999999995
97104,161,751,dimecres,1899-12-30 23:00:00,48,"41,406",Plaça de Joanic,7306,"2,162636",4358.400000000003,297,2548.799999999998,3084.2000000000003
103173,203,788,dissabte,1899-12-30 00:00:00,51,"41,37485",Sant Maria del Mar,497,"2,166773",4467.5999999999985,341,3065.099999999997,3550.2
103173,203,788,dissabte,1899-12-30 00:00:00,51,"41,378803",Mercat de Sant Antoni,5766,"2,160936",4880.699999999995,341,2228.7000000000007,3171.2
103173,214,781,dissabte,1899-12-30 00:00:00,51,"41,404484",Sagrada Familia,6756,"2,174691",4661.400000000001,333,2371.5,3220.2999999999997
101150,200,766,dissabte,1899-12-30 00:00:00,50,"41,406",Plaça de Joanic,7306,"2,162636",4540.000000000004,329,2654.9999999999977,3303.9999999999995
103173,183,788,dissabte,1899-12-30 01:00:00,51,"41,37485",Sant Maria del Mar,497,"2,166773",4467.5999999999985,341,3065.099999999997,3498.7999999999997
103173,170,788,dissabte,1899-12-30 01:00:00,51,"41,378803",Mercat de Sant Antoni,5766,"2,160936",4880.699999999995,341,2228.7000000000007,2984.200000000001
103173,198,781,dissabte,1899-12-30 01:00:00,51,"41,404484",Sagrada Familia,6756,"2,174691",4661.400000000001,333,2371.5,3147.5999999999995
101150,169,766,dissabte,1899-12-30 01:00:00,50,"41,406",Plaça de Joanic,7306,"2,162636",4540.000000000004,329,2654.9999999999977,3214.3000000000006
103173,156,788,dissabte,1899-12-30 02:00:00,51,"41,37485",Sant Maria del Mar,497,"2,166773",4467.5999999999985,341,3065.099999999997,3424.1000000000004
103173,133,788,dissabte,1899-12-30 02:00:00,51,"41,378803",Mercat de Sant Antoni,5766,"2,160936",4880.699999999995,341,2228.7000000000007,2801.3
103173,161,781,dissabte,1899-12-30 02:00:00,51,"41,404484",Sagrada Familia,6756,"2,174691",4661.400000000001,333,2371.5,2986.7000000000003
101150,155,766,dissabte,1899-12-30 02:00:00,50,"41,406",Plaça de Joanic,7306,"2,162636",4540.000000000004,329,2654.9999999999977,3151.200000000001
103173,158,788,dissabte,1899-12-30 03:00:00,51,"41,37485",Sant Maria del Mar,497,"2,166773",4467.5999999999985,341,3065.099999999997,3434.3999999999996
103173,120,788,dissabte,1899-12-30 03:00:00,51,"41,378803",Mercat de Sant Antoni,5766,"2,160936",4880.699999999995,341,2228.7000000000007,2730.2999999999997
103173,134,781,dissabte,1899-12-30 03:00:00,51,"41,404484",Sagrada Familia,6756,"2,174691",4661.400000000001,333,2371.5,2858.7000000000003
101150,154,766,dissabte,1899-12-30 03:00:00,50,"41,406",Plaça de Joanic,7306,"2,162636",4540.000000000004,329,2654.9999999999977,3148.7
103173,123,788,dissabte,1899-12-30 04:00:00,51,"41,37485",Sant Maria del Mar,497,"2,166773",4467.5999999999985,341,3065.099999999997,3346.2
103173,107,788,dissabte,1899-12-30 04:00:00,51,"41,378803",Mercat de Sant Antoni,5766,"2,160936",4880.699999999995,341,2228.7000000000007,2668.2000000000003
103173,119,781,dissabte,1899-12-30 04:00:00,51,"41,404484",Sagrada Familia,6756,"2,174691",4661.400000000001,333,2371.5,2781.2
101150,144,766,dissabte,1899-12-30 04:00:00,50,"41,406",Plaça de Joanic,7306,"2,162636",4540.000000000004,329,2654.9999999999977,3093.7000000000003
103173,118,788,dissabte,1899-12-30 05:00:00,51,"41,37485",Sant Maria del Mar,497,"2,166773",4467.5999999999985,341,3065.099999999997,3334.1999999999994
103173,92,788,dissabte,1899-12-30 05:00:00,51,"41,378803",Mercat de Sant Antoni,5766,"2,160936",4880.699999999995,341,2228.7000000000007,2580.3000000000006
103173,109,781,dissabte,1899-12-30 05:00:00,51,"41,404484",Sagrada Familia,6756,"2,174691",4661.400000000001,333,2371.5,2733.8
101150,120,766,dissabte,1899-12-30 05:00:00,50,"41,406",Plaça de Joanic,7306,"2,162636",4540.000000000004,329,2654.9999999999977,3032.4000000000005
103173,125,788,dissabte,1899-12-30 06:00:00,51,"41,37485",Sant Maria del Mar,497,"2,166773",4467.5999999999985,341,3065.099999999997,3348.1
103173,120,788,dissabte,1899-12-30 06:00:00,51,"41,378803",Mercat de Sant Antoni,5766,"2,160936",4880.699999999995,341,2228.7000000000007,2705.8
103173,116,781,dissabte,1899-12-30 06:00:00,51,"41,404484",Sagrada Familia,6756,"2,174691",4661.400000000001,333,2371.5,2790.5
101150,131,766,dissabte,1899-12-30 06:00:00,50,"41,406",Plaça de Joanic,7306,"2,162636",4540.000000000004,329,2654.9999999999977,3055.5000000000014
103173,203,788,dissabte,1899-12-30 07:00:00,51,"41,37485",Sant Maria del Mar,497,"2,166773",4467.5999999999985,341,3065.099999999997,3560.0000000000005
103173,181,788,dissabte,1899-12-30 07:00:00,51,"41,378803",Mercat de Sant Antoni,5766,"2,160936",4880.699999999995,341,2228.7000000000007,3018.200000000001
103173,184,781,dissabte,1899-12-30 07:00:00,51,"41,404484",Sagrada Familia,6756,"2,174691",4661.400000000001,333,2371.5,3068.2000000000007
101150,179,766,dissabte,1899-12-30 07:00:00,50,"41,406",Plaça de Joanic,7306,"2,162636",4540.000000000004,329,2654.9999999999977,3221.3
103173,237,788,dissabte,1899-12-30 08:00:00,51,"41,37485",Sant Maria del Mar,497,"2,166773",4467.5999999999985,341,3065.099999999997,3636.6000000000004
103173,205,788,dissabte,1899-12-30 08:00:00,51,"41,378803",Mercat de Sant Antoni,5766,"2,160936",4880.699999999995,341,2228.7000000000007,3159.099999999999
103173,215,781,dissabte,1899-12-30 08:00:00,51,"41,404484",Sagrada Familia,6756,"2,174691",4661.400000000001,333,2371.5,3233.700000000001
101150,210,766,dissabte,1899-12-30 08:00:00,50,"41,406",Plaça de Joanic,7306,"2,162636",4540.000000000004,329,2654.9999999999977,3364.5999999999995
103173,213,788,dissabte,1899-12-30 09:00:00,51,"41,37485",Sant Maria del Mar,497,"2,166773",4467.5999999999985,341,3065.099999999997,3591.4999999999986
103173,217,788,dissabte,1899-12-30 09:00:00,51,"41,378803",Mercat de Sant Antoni,5766,"2,160936",4880.699999999995,341,2228.7000000000007,3224.2
103173,213,781,dissabte,1899-12-30 09:00:00,51,"41,404484",Sagrada Familia,6756,"2,174691",4661.400000000001,333,2371.5,3234.8999999999996
101150,222,766,dissabte,1899-12-30 09:00:00,50,"41,406",Plaça de Joanic,7306,"2,162636",4540.000000000004,329,2654.9999999999977,3412.899999999999
103173,208,788,dissabte,1899-12-30 10:00:00,51,"41,37485",Sant Maria del Mar,497,"2,166773",4467.5999999999985,341,3065.099999999997,3584.300000000001
103173,207,788,dissabte,1899-12-30 10:00:00,51,"41,378803",Mercat de Sant Antoni,5766,"2,160936",4880.699999999995,341,2228.7000000000007,3187.5
103173,228,781,dissabte,1899-12-30 10:00:00,51,"41,404484",Sagrada Familia,6756,"2,174691",4661.400000000001,333,2371.5,3287.8999999999996
101150,222,766,dissabte,1899-12-30 10:00:00,50,"41,406",Plaça de Joanic,7306,"2,162636",4540.000000000004,329,2654.9999999999977,3415.800000000001
103173,222,788,dissabte,1899-12-30 11:00:00,51,"41,37485",Sant Maria del Mar,497,"2,166773",4467.5999999999985,341,3065.099999999997,3621.9
103173,210,788,dissabte,1899-12-30 11:00:00,51,"41,378803",Mercat de Sant Antoni,5766,"2,160936",4880.699999999995,341,2228.7000000000007,3215.8000000000006
103173,246,781,dissabte,1899-12-30 11:00:00,51,"41,404484",Sagrada Familia,6756,"2,174691",4661.400000000001,333,2371.5,3383.8999999999996
101150,225,766,dissabte,1899-12-30 11:00:00,50,"41,406",Plaça de Joanic,7306,"2,162636",4540.000000000004,329,2654.9999999999977,3424.2999999999997
103173,230,788,dissabte,1899-12-30 12:00:00,51,"41,37485",Sant Maria del Mar,497,"2,166773",4467.5999999999985,341,3065.099999999997,3633.8999999999996
103173,213,788,dissabte,1899-12-30 12:00:00,51,"41,378803",Mercat de Sant Antoni,5766,"2,160936",4880.699999999995,341,2228.7000000000007,3229.5000000000005
103173,262,781,dissabte,1899-12-30 12:00:00,51,"41,404484",Sagrada Familia,6756,"2,174691",4661.400000000001,333,2371.5,3432.700000000001
101150,235,766,dissabte,1899-12-30 12:00:00,50,"41,406",Plaça de Joanic,7306,"2,162636",4540.000000000004,329,2654.9999999999977,3451.3999999999996
103173,226,788,dissabte,1899-12-30 13:00:00,51,"41,37485",Sant Maria del Mar,497,"2,166773",4467.5999999999985,341,3065.099999999997,3627.1
103173,211,788,dissabte,1899-12-30 13:00:00,51,"41,378803",Mercat de Sant Antoni,5766,"2,160936",4880.699999999995,341,2228.7000000000007,3184.9
103173,247,781,dissabte,1899-12-30 13:00:00,51,"41,404484",Sagrada Familia,6756,"2,174691",4661.400000000001,333,2371.5,3364.7999999999997
101150,238,766,dissabte,1899-12-30 13:00:00,50,"41,406",Plaça de Joanic,7306,"2,162636",4540.000000000004,329,2654.9999999999977,3445.5
103173,218,788,dissabte,1899-12-30 14:00:00,51,"41,37485",Sant Maria del Mar,497,"2,166773",4467.5999999999985,341,3065.099999999997,3613.0000000000005
103173,201,788,dissabte,1899-12-30 14:00:00,51,"41,378803",Mercat de Sant Antoni,5766,"2,160936",4880.699999999995,341,2228.7000000000007,3114.8000000000015
103173,242,781,dissabte,1899-12-30 14:00:00,51,"41,404484",Sagrada Familia,6756,"2,174691",4661.400000000001,333,2371.5,3338.1999999999994
101150,220,766,dissabte,1899-12-30 14:00:00,50,"41,406",Plaça de Joanic,7306,"2,162636",4540.000000000004,329,2654.9999999999977,3398.4000000000005
103173,218,788,dissabte,1899-12-30 15:00:00,51,"41,37485",Sant Maria del Mar,497,"2,166773",4467.5999999999985,341,3065.099999999997,3603.1000000000004
103173,189,788,dissabte,1899-12-30 15:00:00,51,"41,378803",Mercat de Sant Antoni,5766,"2,160936",4880.699999999995,341,2228.7000000000007,3080.3999999999996
103173,244,781,dissabte,1899-12-30 15:00:00,51,"41,404484",Sagrada Familia,6756,"2,174691",4661.400000000001,333,2371.5,3345.6000000000004
101150,230,766,dissabte,1899-12-30 15:00:00,50,"41,406",Plaça de Joanic,7306,"2,162636",4540.000000000004,329,2654.9999999999977,3441.7999999999993
103173,219,788,dissabte,1899-12-30 16:00:00,51,"41,37485",Sant Maria del Mar,497,"2,166773",4467.5999999999985,341,3065.099999999997,3610.999999999999
103173,201,788,dissabte,1899-12-30 16:00:00,51,"41,378803",Mercat de Sant Antoni,5766,"2,160936",4880.699999999995,341,2228.7000000000007,3113.0999999999985
103173,234,781,dissabte,1899-12-30 16:00:00,51,"41,404484",Sagrada Familia,6756,"2,174691",4661.400000000001,333,2371.5,3326.4000000000005
101150,234,766,dissabte,1899-12-30 16:00:00,50,"41,406",Plaça de Joanic,7306,"2,162636",4540.000000000004,329,2654.9999999999977,3446.7999999999997
103173,219,788,dissabte,1899-12-30 17:00:00,51,"41,37485",Sant Maria del Mar,497,"2,166773",4467.5999999999985,341,3065.099999999997,3614.7
103173,212,788,dissabte,1899-12-30 17:00:00,51,"41,378803",Mercat de Sant Antoni,5766,"2,160936",4880.699999999995,341,2228.7000000000007,3220.7
103173,232,781,dissabte,1899-12-30 17:00:00,51,"41,404484",Sagrada Familia,6756,"2,174691",4661.400000000001,333,2371.5,3298.2000000000003
101150,220,766,dissabte,1899-12-30 17:00:00,50,"41,406",Plaça de Joanic,7306,"2,162636",4540.000000000004,329,2654.9999999999977,3404.2999999999993
103173,220,788,dissabte,1899-12-30 18:00:00,51,"41,37485",Sant Maria del Mar,497,"2,166773",4467.5999999999985,341,3065.099999999997,3614.6999999999994
103173,221,788,dissabte,1899-12-30 18:00:00,51,"41,378803",Mercat de Sant Antoni,5766,"2,160936",4880.699999999995,341,2228.7000000000007,3250.599999999999
103173,227,781,dissabte,1899-12-30 18:00:00,51,"41,404484",Sagrada Familia,6756,"2,174691",4661.400000000001,333,2371.5,3295.2
101150,214,766,dissabte,1899-12-30 18:00:00,50,"41,406",Plaça de Joanic,7306,"2,162636",4540.000000000004,329,2654.9999999999977,3380.7999999999993
103173,225,788,dissabte,1899-12-30 19:00:00,51,"41,37485",Sant Maria del Mar,497,"2,166773",4467.5999999999985,341,3065.099999999997,3618.7000000000003
103173,229,788,dissabte,1899-12-30 19:00:00,51,"41,378803",Mercat de Sant Antoni,5766,"2,160936",4880.699999999995,341,2228.7000000000007,3296.8000000000006
103173,233,781,dissabte,1899-12-30 19:00:00,51,"41,404484",Sagrada Familia,6756,"2,174691",4661.400000000001,333,2371.5,3324.8000000000006
101150,218,766,dissabte,1899-12-30 19:00:00,50,"41,406",Plaça de Joanic,7306,"2,162636",4540.000000000004,329,2654.9999999999977,3396.2999999999997
103173,237,788,dissabte,1899-12-30 20:00:00,51,"41,37485",Sant Maria del Mar,497,"2,166773",4467.5999999999985,341,3065.099999999997,3648.0000000000005
103173,238,788,dissabte,1899-12-30 20:00:00,51,"41,378803",Mercat de Sant Antoni,5766,"2,160936",4880.699999999995,341,2228.7000000000007,3333.2
103173,228,781,dissabte,1899-12-30 20:00:00,51,"41,404484",Sagrada Familia,6756,"2,174691",4661.400000000001,333,2371.5,3300.8
101150,215,766,dissabte,1899-12-30 20:00:00,50,"41,406",Plaça de Joanic,7306,"2,162636",4540.000000000004,329,2654.9999999999977,3392.1999999999994
103173,214,788,dissabte,1899-12-30 21:00:00,51,"41,37485",Sant Maria del Mar,497,"2,166773",4467.5999999999985,341,3065.099999999997,3606.599999999999
103173,227,788,dissabte,1899-12-30 21:00:00,51,"41,378803",Mercat de Sant Antoni,5766,"2,160936",4880.699999999995,341,2228.7000000000007,3270.1000000000004
103173,220,781,dissabte,1899-12-30 21:00:00,51,"41,404484",Sagrada Familia,6756,"2,174691",4661.400000000001,333,2371.5,3259.699999999999
101150,210,766,dissabte,1899-12-30 21:00:00,50,"41,406",Plaça de Joanic,7306,"2,162636",4540.000000000004,329,2654.9999999999977,3363.9
103173,211,788,dissabte,1899-12-30 22:00:00,51,"41,37485",Sant Maria del Mar,497,"2,166773",4467.5999999999985,341,3065.099999999997,3585.6999999999994
103173,207,788,dissabte,1899-12-30 22:00:00,51,"41,378803",Mercat de Sant Antoni,5766,"2,160936",4880.699999999995,341,2228.7000000000007,3178.3999999999996
103173,223,781,dissabte,1899-12-30 22:00:00,51,"41,404484",Sagrada Familia,6756,"2,174691",4661.400000000001,333,2371.5,3266.6000000000004
101150,202,766,dissabte,1899-12-30 22:00:00,50,"41,406",Plaça de Joanic,7306,"2,162636",4540.000000000004,329,2654.9999999999977,3299.8999999999996
103173,208,788,dissabte,1899-12-30 23:00:00,51,"41,37485",Sant Maria del Mar,497,"2,166773",4467.5999999999985,341,3065.099999999997,3566.399999999999
103173,202,788,dissabte,1899-12-30 23:00:00,51,"41,378803",Mercat de Sant Antoni,5766,"2,160936",4880.699999999995,341,2228.7000000000007,3149
103173,216,781,dissabte,1899-12-30 23:00:00,51,"41,404484",Sagrada Familia,6756,"2,174691",4661.400000000001,333,2371.5,3235.6999999999994
101150,190,766,dissabte,1899-12-30 23:00:00,50,"41,406",Plaça de Joanic,7306,"2,162636",4540.000000000004,329,2654.9999999999977,3281.400000000001
105196,198,810,diumenge,1899-12-30 00:00:00,52,"41,37485",Sant Maria del Mar,497,"2,166773",4555.199999999999,343,3125.199999999997,3592.499999999999
105196,173,810,diumenge,1899-12-30 00:00:00,52,"41,378803",Mercat de Sant Antoni,5766,"2,160936",4976.399999999995,343,2272.4000000000005,3037.500000000001
107219,228,829,diumenge,1899-12-30 00:00:00,53,"41,404484",Sagrada Familia,6756,"2,174691",4844.2,346,2464.5,3384
101150,186,771,diumenge,1899-12-30 00:00:00,50,"41,406",Plaça de Joanic,7306,"2,162636",4540.000000000004,324,2654.9999999999977,3250.4999999999995
105196,168,810,diumenge,1899-12-30 01:00:00,52,"41,37485",Sant Maria del Mar,497,"2,166773",4555.199999999999,343,3125.199999999997,3517.4000000000005
105196,155,810,diumenge,1899-12-30 01:00:00,52,"41,378803",Mercat de Sant Antoni,5766,"2,160936",4976.399999999995,343,2272.4000000000005,2940.5000000000005
107219,203,829,diumenge,1899-12-30 01:00:00,53,"41,404484",Sagrada Familia,6756,"2,174691",4844.2,346,2464.5,3252.5000000000005
99127,154,740,diumenge,1899-12-30 01:00:00,49,"41,406",Plaça de Joanic,7306,"2,162636",4449.2000000000035,312,2601.899999999998,3121.100000000001
103173,141,784,diumenge,1899-12-30 02:00:00,51,"41,37485",Sant Maria del Mar,497,"2,166773",4467.5999999999985,340,3065.099999999997,3378.5000000000005
103173,124,784,diumenge,1899-12-30 02:00:00,51,"41,378803",Mercat de Sant Antoni,5766,"2,160936",4880.699999999995,340,2228.7000000000007,2768.0999999999995
105196,164,803,diumenge,1899-12-30 02:00:00,52,"41,404484",Sagrada Familia,6756,"2,174691",4752.8,343,2418,3033.5
97104,139,714,diumenge,1899-12-30 02:00:00,48,"41,406",Plaça de Joanic,7306,"2,162636",4358.400000000003,309,2548.799999999998,2992.4999999999995
105196,144,810,diumenge,1899-12-30 03:00:00,52,"41,37485",Sant Maria del Mar,497,"2,166773",4555.199999999999,343,3125.199999999997,3452.5
105196,127,810,diumenge,1899-12-30 03:00:00,52,"41,378803",Mercat de Sant Antoni,5766,"2,160936",4976.399999999995,343,2272.4000000000005,2817.9000000000005
107219,135,829,diumenge,1899-12-30 03:00:00,53,"41,404484",Sagrada Familia,6756,"2,174691",4844.2,346,2464.5,2959.4999999999995
99127,141,740,diumenge,1899-12-30 03:00:00,49,"41,406",Plaça de Joanic,7306,"2,162636",4449.2000000000035,312,2601.899999999998,3042.7000000000003
105196,91,810,diumenge,1899-12-30 04:00:00,52,"41,37485",Sant Maria del Mar,497,"2,166773",4555.199999999999,343,3125.199999999997,3309.2000000000007
105196,177,810,diumenge,1899-12-30 04:00:00,52,"41,378803",Mercat de Sant Antoni,5766,"2,160936",4976.399999999995,343,2272.4000000000005,3064.7999999999997
107219,123,829,diumenge,1899-12-30 04:00:00,53,"41,404484",Sagrada Familia,6756,"2,174691",4844.2,346,2464.5,2898.0000000000005
99127,133,740,diumenge,1899-12-30 04:00:00,49,"41,406",Plaça de Joanic,7306,"2,162636",4449.2000000000035,312,2601.899999999998,3004.6000000000004
105196,105,810,diumenge,1899-12-30 05:00:00,52,"41,37485",Sant Maria del Mar,497,"2,166773",4555.199999999999,343,3125.199999999997,3344.4000000000005
105196,178,810,diumenge,1899-12-30 05:00:00,52,"41,378803",Mercat de Sant Antoni,5766,"2,160936",4976.399999999995,343,2272.4000000000005,3072.6
107219,105,829,diumenge,1899-12-30 05:00:00,53,"41,404484",Sagrada Familia,6756,"2,174691",4844.2,346,2464.5,2812.999999999999
99127,122,740,diumenge,1899-12-30 05:00:00,49,"41,406",Plaça de Joanic,7306,"2,162636",4449.2000000000035,312,2601.899999999998,2966.7999999999993
105196,101,810,diumenge,1899-12-30 06:00:00,52,"41,37485",Sant Maria del Mar,497,"2,166773",4555.199999999999,343,3125.199999999997,3332.3
105196,124,810,diumenge,1899-12-30 06:00:00,52,"41,378803",Mercat de Sant Antoni,5766,"2,160936",4976.399999999995,343,2272.4000000000005,2802.399999999999
107219,116,829,diumenge,1899-12-30 06:00:00,53,"41,404484",Sagrada Familia,6756,"2,174691",4844.2,346,2464.5,2868.1999999999994
99127,119,740,diumenge,1899-12-30 06:00:00,49,"41,406",Plaça de Joanic,7306,"2,162636",4449.2000000000035,312,2601.899999999998,2970.3999999999996
105196,164,810,diumenge,1899-12-30 07:00:00,52,"41,37485",Sant Maria del Mar,497,"2,166773",4555.199999999999,343,3125.199999999997,3513.7000000000016
105196,168,810,diumenge,1899-12-30 07:00:00,52,"41,378803",Mercat de Sant Antoni,5766,"2,160936",4976.399999999995,343,2272.4000000000005,3006.5000000000005
107219,154,829,diumenge,1899-12-30 07:00:00,53,"41,404484",Sagrada Familia,6756,"2,174691",4844.2,346,2464.5,3023.300000000001
103173,136,787,diumenge,1899-12-30 07:00:00,51,"41,406",Plaça de Joanic,7306,"2,162636",4630.800000000004,331,2708.0999999999976,3115.8
105196,196,810,diumenge,1899-12-30 08:00:00,52,"41,37485",Sant Maria del Mar,497,"2,166773",4555.199999999999,343,3125.199999999997,3582.2999999999997
105196,184,810,diumenge,1899-12-30 08:00:00,52,"41,378803",Mercat de Sant Antoni,5766,"2,160936",4976.399999999995,343,2272.4000000000005,3100.2999999999993
107219,168,829,diumenge,1899-12-30 08:00:00,53,"41,404484",Sagrada Familia,6756,"2,174691",4844.2,346,2464.5,3093.7000000000003
103173,171,787,diumenge,1899-12-30 08:00:00,51,"41,406",Plaça de Joanic,7306,"2,162636",4630.800000000004,331,2708.0999999999976,3257.6
105196,200,810,diumenge,1899-12-30 09:00:00,52,"41,37485",Sant Maria del Mar,497,"2,166773",4555.199999999999,343,3125.199999999997,3596.4000000000005
105196,200,810,diumenge,1899-12-30 09:00:00,52,"41,378803",Mercat de Sant Antoni,5766,"2,160936",4976.399999999995,343,2272.4000000000005,3165.6000000000004
107219,196,829,diumenge,1899-12-30 09:00:00,53,"41,404484",Sagrada Familia,6756,"2,174691",4844.2,346,2464.5,3199.9000000000005
103173,200,787,diumenge,1899-12-30 09:00:00,51,"41,406",Plaça de Joanic,7306,"2,162636",4630.800000000004,331,2708.0999999999976,3358.899999999999
105196,208,810,diumenge,1899-12-30 10:00:00,52,"41,37485",Sant Maria del Mar,497,"2,166773",4555.199999999999,343,3125.199999999997,3609.399999999999
105196,215,810,diumenge,1899-12-30 10:00:00,52,"41,378803",Mercat de Sant Antoni,5766,"2,160936",4976.399999999995,343,2272.4000000000005,3263.500000000001
107219,214,829,diumenge,1899-12-30 10:00:00,53,"41,404484",Sagrada Familia,6756,"2,174691",4844.2,346,2464.5,3302.7999999999997
103173,209,787,diumenge,1899-12-30 10:00:00,51,"41,406",Plaça de Joanic,7306,"2,162636",4630.800000000004,331,2708.0999999999976,3399.6999999999994
105196,209,810,diumenge,1899-12-30 11:00:00,52,"41,37485",Sant Maria del Mar,497,"2,166773",4555.199999999999,343,3125.199999999997,3639.2999999999997
105196,229,810,diumenge,1899-12-30 11:00:00,52,"41,378803",Mercat de Sant Antoni,5766,"2,160936",4976.399999999995,343,2272.4000000000005,3346.0000000000005
107219,250,829,diumenge,1899-12-30 11:00:00,53,"41,404484",Sagrada Familia,6756,"2,174691",4844.2,346,2464.5,3453.7
103173,214,787,diumenge,1899-12-30 11:00:00,51,"41,406",Plaça de Joanic,7306,"2,162636",4630.800000000004,331,2708.0999999999976,3413.8000000000006
105196,210,810,diumenge,1899-12-30 12:00:00,52,"41,37485",Sant Maria del Mar,497,"2,166773",4555.199999999999,343,3125.199999999997,3641.4999999999995
105196,246,810,diumenge,1899-12-30 12:00:00,52,"41,378803",Mercat de Sant Antoni,5766,"2,160936",4976.399999999995,343,2272.4000000000005,3434.7000000000007
107219,269,829,diumenge,1899-12-30 12:00:00,53,"41,404484",Sagrada Familia,6756,"2,174691",4844.2,346,2464.5,3541.9
103173,218,787,diumenge,1899-12-30 12:00:00,51,"41,406",Plaça de Joanic,7306,"2,162636",4630.800000000004,331,2708.0999999999976,3436.4999999999995
105196,214,810,diumenge,1899-12-30 13:00:00,52,"41,37485",Sant Maria del Mar,497,"2,166773",4555.199999999999,343,3125.199999999997,3660.299999999999
105196,238,810,diumenge,1899-12-30 13:00:00,52,"41,378803",Mercat de Sant Antoni,5766,"2,160936",4976.399999999995,343,2272.4000000000005,3382.7999999999997
107219,262,829,diumenge,1899-12-30 13:00:00,53,"41,404484",Sagrada Familia,6756,"2,174691",4844.2,346,2464.5,3502.6000000000004
103173,215,787,diumenge,1899-12-30 13:00:00,51,"41,406",Plaça de Joanic,7306,"2,162636",4630.800000000004,331,2708.0999999999976,3425.800000000001
105196,213,810,diumenge,1899-12-30 14:00:00,52,"41,37485",Sant Maria del Mar,497,"2,166773",4555.199999999999,343,3125.199999999997,3652
105196,215,810,diumenge,1899-12-30 14:00:00,52,"41,378803",Mercat de Sant Antoni,5766,"2,160936",4976.399999999995,343,2272.4000000000005,3264.8999999999996
107219,257,829,diumenge,1899-12-30 14:00:00,53,"41,404484",Sagrada Familia,6756,"2,174691",4844.2,346,2464.5,3481.2000000000003
103173,207,787,diumenge,1899-12-30 14:00:00,51,"41,406",Plaça de Joanic,7306,"2,162636",4630.800000000004,331,2708.0999999999976,3406.9
105196,210,810,diumenge,1899-12-30 15:00:00,52,"41,37485",Sant Maria del Mar,497,"2,166773",4555.199999999999,343,3125.199999999997,3626.6000000000004
105196,202,810,diumenge,1899-12-30 15:00:00,52,"41,378803",Mercat de Sant Antoni,5766,"2,160936",4976.399999999995,343,2272.4000000000005,3169.0999999999995
107219,250,829,diumenge,1899-12-30 15:00:00,53,"41,404484",Sagrada Familia,6756,"2,174691",4844.2,346,2464.5,3458.600000000001
103173,203,787,diumenge,1899-12-30 15:00:00,51,"41,406",Plaça de Joanic,7306,"2,162636",4630.800000000004,331,2708.0999999999976,3367.599999999999
105196,214,810,diumenge,1899-12-30 16:00:00,52,"41,37485",Sant Maria del Mar,497,"2,166773",4555.199999999999,343,3125.199999999997,3639.799999999999
105196,210,810,diumenge,1899-12-30 16:00:00,52,"41,378803",Mercat de Sant Antoni,5766,"2,160936",4976.399999999995,343,2272.4000000000005,3215.5000000000005
107219,245,829,diumenge,1899-12-30 16:00:00,53,"41,404484",Sagrada Familia,6756,"2,174691",4844.2,346,2464.5,3454.7
103173,206,787,diumenge,1899-12-30 16:00:00,51,"41,406",Plaça de Joanic,7306,"2,162636",4630.800000000004,331,2708.0999999999976,3375.3
105196,218,810,diumenge,1899-12-30 17:00:00,52,"41,37485",Sant Maria del Mar,497,"2,166773",4555.199999999999,343,3125.199999999997,3655.100000000001
105196,219,810,diumenge,1899-12-30 17:00:00,52,"41,378803",Mercat de Sant Antoni,5766,"2,160936",4976.399999999995,343,2272.4000000000005,3304.2000000000003
107219,246,829,diumenge,1899-12-30 17:00:00,53,"41,404484",Sagrada Familia,6756,"2,174691",4844.2,346,2464.5,3456.3
103173,209,787,diumenge,1899-12-30 17:00:00,51,"41,406",Plaça de Joanic,7306,"2,162636",4630.800000000004,331,2708.0999999999976,3383.4000000000005
105196,222,810,diumenge,1899-12-30 18:00:00,52,"41,37485",Sant Maria del Mar,497,"2,166773",4555.199999999999,343,3125.199999999997,3683.6000000000013
105196,236,810,diumenge,1899-12-30 18:00:00,52,"41,378803",Mercat de Sant Antoni,5766,"2,160936",4976.399999999995,343,2272.4000000000005,3368.6000000000013
107219,248,829,diumenge,1899-12-30 18:00:00,53,"41,404484",Sagrada Familia,6756,"2,174691",4844.2,346,2464.5,3460.500000000001
103173,213,787,diumenge,1899-12-30 18:00:00,51,"41,406",Plaça de Joanic,7306,"2,162636",4630.800000000004,331,2708.0999999999976,3405.200000000001
105196,236,810,diumenge,1899-12-30 19:00:00,52,"41,37485",Sant Maria del Mar,497,"2,166773",4555.199999999999,343,3125.199999999997,3709.6999999999994
105196,243,810,diumenge,1899-12-30 19:00:00,52,"41,378803",Mercat de Sant Antoni,5766,"2,160936",4976.399999999995,343,2272.4000000000005,3412.9
107219,243,829,diumenge,1899-12-30 19:00:00,53,"41,404484",Sagrada Familia,6756,"2,174691",4844.2,346,2464.5,3450
103173,214,787,diumenge,1899-12-30 19:00:00,51,"41,406",Plaça de Joanic,7306,"2,162636",4630.800000000004,331,2708.0999999999976,3422.7999999999993
105196,229,810,diumenge,1899-12-30 20:00:00,52,"41,37485",Sant Maria del Mar,497,"2,166773",4555.199999999999,343,3125.199999999997,3700.7
105196,238,810,diumenge,1899-12-30 20:00:00,52,"41,378803",Mercat de Sant Antoni,5766,"2,160936",4976.399999999995,343,2272.4000000000005,3383.100000000001
107219,230,829,diumenge,1899-12-30 20:00:00,53,"41,404484",Sagrada Familia,6756,"2,174691",4844.2,346,2464.5,3396.1
103173,210,787,diumenge,1899-12-30 20:00:00,51,"41,406",Plaça de Joanic,7306,"2,162636",4630.800000000004,331,2708.0999999999976,3430.7000000000003
105196,233,810,diumenge,1899-12-30 21:00:00,52,"41,37485",Sant Maria del Mar,497,"2,166773",4555.199999999999,343,3125.199999999997,3690.100000000002
105196,231,810,diumenge,1899-12-30 21:00:00,52,"41,378803",Mercat de Sant Antoni,5766,"2,160936",4976.399999999995,343,2272.4000000000005,3355.6000000000004
107219,224,829,diumenge,1899-12-30 21:00:00,53,"41,404484",Sagrada Familia,6756,"2,174691",4844.2,346,2464.5,3375.7000000000003
101150,207,771,diumenge,1899-12-30 21:00:00,50,"41,406",Plaça de Joanic,7306,"2,162636",4540.000000000004,324,2654.9999999999977,3340.5000000000005
105196,215,810,diumenge,1899-12-30 22:00:00,52,"41,37485",Sant Maria del Mar,497,"2,166773",4555.199999999999,343,3125.199999999997,3645.8000000000006
105196,205,810,diumenge,1899-12-30 22:00:00,52,"41,378803",Mercat de Sant Antoni,5766,"2,160936",4976.399999999995,343,2272.4000000000005,3226.5000000000005
107219,225,829,diumenge,1899-12-30 22:00:00,53,"41,404484",Sagrada Familia,6756,"2,174691",4844.2,346,2464.5,3359.7999999999993
101150,193,771,diumenge,1899-12-30 22:00:00,50,"41,406",Plaça de Joanic,7306,"2,162636",4540.000000000004,324,2654.9999999999977,3275.9000000000015
105196,209,810,diumenge,1899-12-30 23:00:00,52,"41,37485",Sant Maria del Mar,497,"2,166773",4555.199999999999,343,3125.199999999997,3630.200000000001
105196,184,810,diumenge,1899-12-30 23:00:00,52,"41,378803",Mercat de Sant Antoni,5766,"2,160936",4976.399999999995,343,2272.4000000000005,3103.4999999999995
107219,228,829,diumenge,1899-12-30 23:00:00,53,"41,404484",Sagrada Familia,6756,"2,174691",4844.2,346,2464.5,3365.3
101150,186,771,diumenge,1899-12-30 23:00:00,50,"41,406",Plaça de Joanic,7306,"2,162636",4540.000000000004,324,2654.9999999999977,3263.5999999999985
103173,167,798,divendres,1899-12-30 00:00:00,51,"41,37485",Sant Maria del Mar,497,"2,166773",4467.5999999999985,339,3065.099999999997,3447.2999999999997
103173,157,798,divendres,1899-12-30 00:00:00,51,"41,378803",Mercat de Sant Antoni,5766,"2,160936",4880.699999999995,339,2228.7000000000007,2907.9999999999995
105196,202,815,divendres,1899-12-30 00:00:00,52,"41,404484",Sagrada Familia,6756,"2,174691",4752.8,342,2418,3214.4
103173,175,798,divendres,1899-12-30 00:00:00,51,"41,406",Plaça de Joanic,7306,"2,162636",4630.800000000004,331,2708.0999999999976,3279.4999999999995
103173,139,798,divendres,1899-12-30 01:00:00,51,"41,37485",Sant Maria del Mar,497,"2,166773",4467.5999999999985,339,3065.099999999997,3389.9999999999995
103173,138,798,divendres,1899-12-30 01:00:00,51,"41,378803",Mercat de Sant Antoni,5766,"2,160936",4880.699999999995,339,2228.7000000000007,2830.4999999999995
105196,172,815,divendres,1899-12-30 01:00:00,52,"41,404484",Sagrada Familia,6756,"2,174691",4752.8,342,2418,3079.4999999999995
103173,157,798,divendres,1899-12-30 01:00:00,51,"41,406",Plaça de Joanic,7306,"2,162636",4630.800000000004,331,2708.0999999999976,3195.700000000001
103173,112,798,divendres,1899-12-30 02:00:00,51,"41,37485",Sant Maria del Mar,497,"2,166773",4467.5999999999985,339,3065.099999999997,3314.9999999999995
103173,115,798,divendres,1899-12-30 02:00:00,51,"41,378803",Mercat de Sant Antoni,5766,"2,160936",4880.699999999995,339,2228.7000000000007,2691.199999999999
105196,135,815,divendres,1899-12-30 02:00:00,52,"41,404484",Sagrada Familia,6756,"2,174691",4752.8,342,2418,2912.3
103173,131,798,divendres,1899-12-30 02:00:00,51,"41,406",Plaça de Joanic,7306,"2,162636",4630.800000000004,331,2708.0999999999976,3122.4
103173,118,798,divendres,1899-12-30 03:00:00,51,"41,37485",Sant Maria del Mar,497,"2,166773",4467.5999999999985,339,3065.099999999997,3315.5
103173,97,798,divendres,1899-12-30 03:00:00,51,"41,378803",Mercat de Sant Antoni,5766,"2,160936",4880.699999999995,339,2228.7000000000007,2597.200000000001
105196,106,815,divendres,1899-12-30 03:00:00,52,"41,404484",Sagrada Familia,6756,"2,174691",4752.8,342,2418,2783.5
103173,124,798,divendres,1899-12-30 03:00:00,51,"41,406",Plaça de Joanic,7306,"2,162636",4630.800000000004,331,2708.0999999999976,3066.1000000000004
103173,100,798,divendres,1899-12-30 04:00:00,51,"41,37485",Sant Maria del Mar,497,"2,166773",4467.5999999999985,339,3065.099999999997,3273.5000000000005
103173,78,798,divendres,1899-12-30 04:00:00,51,"41,378803",Mercat de Sant Antoni,5766,"2,160936",4880.699999999995,339,2228.7000000000007,2521.800000000001
105196,90,815,divendres,1899-12-30 04:00:00,52,"41,404484",Sagrada Familia,6756,"2,174691",4752.8,342,2418,2713.9999999999995
103173,111,798,divendres,1899-12-30 04:00:00,51,"41,406",Plaça de Joanic,7306,"2,162636",4630.800000000004,331,2708.0999999999976,3033.2
103173,129,798,divendres,1899-12-30 05:00:00,51,"41,37485",Sant Maria del Mar,497,"2,166773",4467.5999999999985,339,3065.099999999997,3354.400000000001
103173,103,798,divendres,1899-12-30 05:00:00,51,"41,378803",Mercat de Sant Antoni,5766,"2,160936",4880.699999999995,339,2228.7000000000007,2641.5000000000005
105196,112,815,divendres,1899-12-30 05:00:00,52,"41,404484",Sagrada Familia,6756,"2,174691",4752.8,342,2418,2787.1
103173,117,798,divendres,1899-12-30 05:00:00,51,"41,406",Plaça de Joanic,7306,"2,162636",4630.800000000004,331,2708.0999999999976,3060.6000000000004
103173,153,798,divendres,1899-12-30 06:00:00,51,"41,37485",Sant Maria del Mar,497,"2,166773",4467.5999999999985,339,3065.099999999997,3418.4000000000015
103173,118,798,divendres,1899-12-30 06:00:00,51,"41,378803",Mercat de Sant Antoni,5766,"2,160936",4880.699999999995,339,2228.7000000000007,2708.6000000000004
105196,139,815,divendres,1899-12-30 06:00:00,52,"41,404484",Sagrada Familia,6756,"2,174691",4752.8,342,2418,2925.899999999999
103173,140,798,divendres,1899-12-30 06:00:00,51,"41,406",Plaça de Joanic,7306,"2,162636",4630.800000000004,331,2708.0999999999976,3116.1
103173,206,798,divendres,1899-12-30 07:00:00,51,"41,37485",Sant Maria del Mar,497,"2,166773",4467.5999999999985,339,3065.099999999997,3575.4999999999995
103173,170,798,divendres,1899-12-30 07:00:00,51,"41,378803",Mercat de Sant Antoni,5766,"2,160936",4880.699999999995,339,2228.7000000000007,2987.7
105196,175,815,divendres,1899-12-30 07:00:00,52,"41,404484",Sagrada Familia,6756,"2,174691",4752.8,342,2418,3098.9999999999995
101150,181,774,divendres,1899-12-30 07:00:00,50,"41,406",Plaça de Joanic,7306,"2,162636",4540.000000000004,320,2654.9999999999977,3225.4999999999986
103173,233,798,divendres,1899-12-30 08:00:00,51,"41,37485",Sant Maria del Mar,497,"2,166773",4467.5999999999985,339,3065.099999999997,3638.8999999999996
103173,204,798,divendres,1899-12-30 08:00:00,51,"41,378803",Mercat de Sant Antoni,5766,"2,160936",4880.699999999995,339,2228.7000000000007,3146.600000000001
105196,213,815,divendres,1899-12-30 08:00:00,52,"41,404484",Sagrada Familia,6756,"2,174691",4752.8,342,2418,3267.5
101150,222,774,divendres,1899-12-30 08:00:00,50,"41,406",Plaça de Joanic,7306,"2,162636",4540.000000000004,320,2654.9999999999977,3404.8
103173,224,798,divendres,1899-12-30 09:00:00,51,"41,37485",Sant Maria del Mar,497,"2,166773",4467.5999999999985,339,3065.099999999997,3618.5000000000005
103173,218,798,divendres,1899-12-30 09:00:00,51,"41,378803",Mercat de Sant Antoni,5766,"2,160936",4880.699999999995,339,2228.7000000000007,3231.000000000001
105196,212,815,divendres,1899-12-30 09:00:00,52,"41,404484",Sagrada Familia,6756,"2,174691",4752.8,342,2418,3261.400000000001
101150,222,774,divendres,1899-12-30 09:00:00,50,"41,406",Plaça de Joanic,7306,"2,162636",4540.000000000004,320,2654.9999999999977,3407.6
103173,211,798,divendres,1899-12-30 10:00:00,51,"41,37485",Sant Maria del Mar,497,"2,166773",4467.5999999999985,339,3065.099999999997,3595.500000000001
103173,213,798,divendres,1899-12-30 10:00:00,51,"41,378803",Mercat de Sant Antoni,5766,"2,160936",4880.699999999995,339,2228.7000000000007,3205.1999999999994
105196,228,815,divendres,1899-12-30 10:00:00,52,"41,404484",Sagrada Familia,6756,"2,174691",4752.8,342,2418,3323.6000000000013
101150,227,774,divendres,1899-12-30 10:00:00,50,"41,406",Plaça de Joanic,7306,"2,162636",4540.000000000004,320,2654.9999999999977,3417.8
103173,218,798,divendres,1899-12-30 11:00:00,51,"41,37485",Sant Maria del Mar,497,"2,166773",4467.5999999999985,339,3065.099999999997,3610.999999999999
103173,230,798,divendres,1899-12-30 11:00:00,51,"41,378803",Mercat de Sant Antoni,5766,"2,160936",4880.699999999995,339,2228.7000000000007,3314.6000000000013
105196,254,815,divendres,1899-12-30 11:00:00,52,"41,404484",Sagrada Familia,6756,"2,174691",4752.8,342,2418,3427.300000000001
101150,226,774,divendres,1899-12-30 11:00:00,50,"41,406",Plaça de Joanic,7306,"2,162636",4540.000000000004,320,2654.9999999999977,3423.1000000000004
101150,213,771,divendres,1899-12-30 12:00:00,50,"41,37485",Sant Maria del Mar,497,"2,166773",4379.999999999998,338,3004.9999999999973,3542.3999999999996
101150,224,771,divendres,1899-12-30 12:00:00,50,"41,378803",Mercat de Sant Antoni,5766,"2,160936",4784.999999999995,338,2185.000000000001,3229.4999999999986
103173,253,788,divendres,1899-12-30 12:00:00,51,"41,404484",Sagrada Familia,6756,"2,174691",4661.400000000001,341,2371.5,3410.700000000001
101150,236,771,divendres,1899-12-30 12:00:00,50,"41,406",Plaça de Joanic,7306,"2,162636",4540.000000000004,330,2654.9999999999977,3442.7000000000007
101150,222,771,divendres,1899-12-30 13:00:00,50,"41,37485",Sant Maria del Mar,497,"2,166773",4379.999999999998,338,3004.9999999999973,3554.9000000000005
101150,207,771,divendres,1899-12-30 13:00:00,50,"41,378803",Mercat de Sant Antoni,5766,"2,160936",4784.999999999995,338,2185.000000000001,3120.299999999999
103173,245,788,divendres,1899-12-30 13:00:00,51,"41,404484",Sagrada Familia,6756,"2,174691",4661.400000000001,341,2371.5,3352.2999999999993
101150,238,771,divendres,1899-12-30 13:00:00,50,"41,406",Plaça de Joanic,7306,"2,162636",4540.000000000004,330,2654.9999999999977,3467.100000000001
101150,211,777,divendres,1899-12-30 14:00:00,50,"41,37485",Sant Maria del Mar,497,"2,166773",4379.999999999998,335,3004.9999999999973,3537.0000000000005
101150,197,777,divendres,1899-12-30 14:00:00,50,"41,378803",Mercat de Sant Antoni,5766,"2,160936",4784.999999999995,335,2185.000000000001,3060.5
105196,253,815,divendres,1899-12-30 14:00:00,52,"41,404484",Sagrada Familia,6756,"2,174691",4752.8,342,2418,3409.000000000001
101150,218,777,divendres,1899-12-30 14:00:00,50,"41,406",Plaça de Joanic,7306,"2,162636",4540.000000000004,327,2654.9999999999977,3396.8999999999996
103173,212,798,divendres,1899-12-30 15:00:00,51,"41,37485",Sant Maria del Mar,497,"2,166773",4467.5999999999985,339,3065.099999999997,3606.2999999999997
103173,190,798,divendres,1899-12-30 15:00:00,51,"41,378803",Mercat de Sant Antoni,5766,"2,160936",4880.699999999995,339,2228.7000000000007,3090.2999999999997
105196,247,815,divendres,1899-12-30 15:00:00,52,"41,404484",Sagrada Familia,6756,"2,174691",4752.8,342,2418,3396
103173,233,798,divendres,1899-12-30 15:00:00,51,"41,406",Plaça de Joanic,7306,"2,162636",4630.800000000004,331,2708.0999999999976,3498.7000000000003
103173,212,798,divendres,1899-12-30 16:00:00,51,"41,37485",Sant Maria del Mar,497,"2,166773",4467.5999999999985,339,3065.099999999997,3598.3000000000006
103173,203,798,divendres,1899-12-30 16:00:00,51,"41,378803",Mercat de Sant Antoni,5766,"2,160936",4880.699999999995,339,2228.7000000000007,3108.1000000000004
105196,248,815,divendres,1899-12-30 16:00:00,52,"41,404484",Sagrada Familia,6756,"2,174691",4752.8,342,2418,3405.100000000001
103173,239,798,divendres,1899-12-30 16:00:00,51,"41,406",Plaça de Joanic,7306,"2,162636",4630.800000000004,331,2708.0999999999976,3517.5999999999985
103173,219,798,divendres,1899-12-30 17:00:00,51,"41,37485",Sant Maria del Mar,497,"2,166773",4467.5999999999985,339,3065.099999999997,3614.7
103173,213,798,divendres,1899-12-30 17:00:00,51,"41,378803",Mercat de Sant Antoni,5766,"2,160936",4880.699999999995,339,2228.7000000000007,3213.2
105196,238,815,divendres,1899-12-30 17:00:00,52,"41,404484",Sagrada Familia,6756,"2,174691",4752.8,342,2418,3380.3
103173,237,798,divendres,1899-12-30 17:00:00,51,"41,406",Plaça de Joanic,7306,"2,162636",4630.800000000004,331,2708.0999999999976,3498.6999999999994
103173,219,798,divendres,1899-12-30 18:00:00,51,"41,37485",Sant Maria del Mar,497,"2,166773",4467.5999999999985,339,3065.099999999997,3617.3
103173,219,798,divendres,1899-12-30 18:00:00,51,"41,378803",Mercat de Sant Antoni,5766,"2,160936",4880.699999999995,339,2228.7000000000007,3251.7000000000003
105196,233,815,divendres,1899-12-30 18:00:00,52,"41,404484",Sagrada Familia,6756,"2,174691",4752.8,342,2418,3346.1000000000013
103173,244,798,divendres,1899-12-30 18:00:00,51,"41,406",Plaça de Joanic,7306,"2,162636",4630.800000000004,331,2708.0999999999976,3511.6
103173,230,798,divendres,1899-12-30 19:00:00,51,"41,37485",Sant Maria del Mar,497,"2,166773",4467.5999999999985,339,3065.099999999997,3632
103173,222,798,divendres,1899-12-30 19:00:00,51,"41,378803",Mercat de Sant Antoni,5766,"2,160936",4880.699999999995,339,2228.7000000000007,3252.9000000000005
105196,228,815,divendres,1899-12-30 19:00:00,52,"41,404484",Sagrada Familia,6756,"2,174691",4752.8,342,2418,3331.399999999999
103173,230,798,divendres,1899-12-30 19:00:00,51,"41,406",Plaça de Joanic,7306,"2,162636",4630.800000000004,331,2708.0999999999976,3475.3999999999987
103173,222,798,divendres,1899-12-30 20:00:00,51,"41,37485",Sant Maria del Mar,497,"2,166773",4467.5999999999985,339,3065.099999999997,3621.3000000000006
103173,221,798,divendres,1899-12-30 20:00:00,51,"41,378803",Mercat de Sant Antoni,5766,"2,160936",4880.699999999995,339,2228.7000000000007,3242.7000000000007
105196,218,815,divendres,1899-12-30 20:00:00,52,"41,404484",Sagrada Familia,6756,"2,174691",4752.8,342,2418,3302.0000000000005
103173,222,798,divendres,1899-12-30 20:00:00,51,"41,406",Plaça de Joanic,7306,"2,162636",4630.800000000004,331,2708.0999999999976,3455.399999999999
103173,213,798,divendres,1899-12-30 21:00:00,51,"41,37485",Sant Maria del Mar,497,"2,166773",4467.5999999999985,339,3065.099999999997,3584.3999999999987
103173,209,798,divendres,1899-12-30 21:00:00,51,"41,378803",Mercat de Sant Antoni,5766,"2,160936",4880.699999999995,339,2228.7000000000007,3173.299999999999
105196,218,815,divendres,1899-12-30 21:00:00,52,"41,404484",Sagrada Familia,6756,"2,174691",4752.8,342,2418,3280.4999999999995
103173,206,798,divendres,1899-12-30 21:00:00,51,"41,406",Plaça de Joanic,7306,"2,162636",4630.800000000004,331,2708.0999999999976,3400.699999999999
103173,202,798,divendres,1899-12-30 22:00:00,51,"41,37485",Sant Maria del Mar,497,"2,166773",4467.5999999999985,339,3065.099999999997,3554.3
103173,182,798,divendres,1899-12-30 22:00:00,51,"41,378803",Mercat de Sant Antoni,5766,"2,160936",4880.699999999995,339,2228.7000000000007,3047.7
105196,209,815,divendres,1899-12-30 22:00:00,52,"41,404484",Sagrada Familia,6756,"2,174691",4752.8,342,2418,3242.199999999999
103173,197,798,divendres,1899-12-30 22:00:00,51,"41,406",Plaça de Joanic,7306,"2,162636",4630.800000000004,331,2708.0999999999976,3341.200000000001
103173,192,798,divendres,1899-12-30 23:00:00,51,"41,37485",Sant Maria del Mar,497,"2,166773",4467.5999999999985,339,3065.099999999997,3515.000000000001
103173,162,798,divendres,1899-12-30 23:00:00,51,"41,378803",Mercat de Sant Antoni,5766,"2,160936",4880.699999999995,339,2228.7000000000007,2950.700000000001
105196,203,815,divendres,1899-12-30 23:00:00,52,"41,404484",Sagrada Familia,6756,"2,174691",4752.8,342,2418,3213.9999999999995
103173,195,798,divendres,1899-12-30 23:00:00,51,"41,406",Plaça de Joanic,7306,"2,162636",4630.800000000004,331,2708.0999999999976,3329.7000000000003
